Topic,Count,Name,Representation,Representative_Docs,normalized_entropy
-1,42704,-1_中国_美国_国家_安全,"['中国', '美国', '国家', '安全', '经济', '战略', '政治', '问题', '发展', '外交']","['全球 金融危机 以来 国际关系 格局 发生 重要 变化 新兴经济体 全球事务 影响力 不断 上升 必将 包括 全球 治理 在内 国际 议程 设置 产生 重要 影响 首先 新兴 国家 历史 经验 文化 背景 经济发展方式 社会结构 政治制度 以及 价值观 各个 方面 发达国家 组成 西方体系 存在 很大 差异 虽然 新兴 国家 愿意 参与 当前 国际体系 并不 要求 颠覆 现有 秩序 但是 随着 它们 国际事务 日益 活跃 它们 必将 不同于 西方 价值判断 利益 诉求 以及 行为 方式 带入 现行 国际体系 现行 国际体系 不得不 依据 国际 权力 结构 利益 诉求 调整 优先 关注 操作 模式 其次 一些 新兴经济体 虽然 经济总量 已经 名列 世界 前茅 但是 这些 国家 无论是 历史 人文 价值取 向上 还是 经济 社会 发展 阶段 接近 发展中国家 它们 国际事务 愿意 考虑 发展中国家 利益 发展中国家 获得 更好 发展 环境 做出 贡献 当然 当今世界 发展中国家 作为 一个 整体 分化 一部分 世纪 七八十年代 实现 经济 腾飞 发展中国家 制度 心理 努力 西方 工业化国家 靠拢 一部分 发展中国家 由于 战乱 治理 不善 等问题 处于 经济 社会 崩溃 边缘 国际事务 逐渐 边缘化 在此 背景 新兴 国家 作为 发展中国家 代表 国际事务 维护 发展中国家 利益 显得 更加 重要 最后 新兴 国家 虽然 领域 身份 并不 相同 比如 罗斯 国是 不扩散核武器条约 认可 核武器 国家 印度 发展 核武器 正在 积极 寻求 国际社会 承认 巴西 南非 放弃 核武器 选择 不扩散核武器条约 体系 重要 无核武器国家 但是 它们 改革 发展 全球 治理体系 仍有 许多 相似 立场 观点 可以 共同 塑造 更加 平衡 更加 符合 世界上 大多数 国家 共同利益 更加 能够 保障 发展中 国家利益 全球 治理体系 共同努力 新兴 国家 应该 推动 全球 治理体系 更新 发展 提出 建设性 构想', '第三 美国 现实 政治 意识形态 角度 考虑 中国 崛起 不仅 地缘政治 构成 美国 霸权地位 挑战 而且 意识形态 美国 造成 威胁 苏联解体 冷战 结束 美国 认为 不仅仅 美国 政治 军事 权力 方面 胜利 而且 也是 美国 价值观 意识形态 胜利 此在 克林顿政府 时期 美国 推出 参与 扩展 战略 全世界 推广 美式 民主 自由 市场 经济制度 作为 美国 外交 主要目标 但是 美国 感到 不快 社会主义 中国 仍然 实行 与其 相悖 政治 经济制度 不断地 发展 壮大 为此 美国政府 遏制 战略 失灵 情况 实施 接触 政策 政策 主要 目的 两个 其一 现实 需要 发展 中国 对话 合作 有利于 美国 自身 利益 其二 通过 接触 可以 时刻 掌握 中国 动态 促使 中国 融入 国际体系 手段 潜在 影响 中国 内外 政策 实现 政治 改造 但是 美国 做法 并没有 达到 目标 中国 崛起 不仅 主导 国际秩序 构成 挑战 而且 对其 倡导 自由主义 意识形态 构成 威胁 中国 崛起 威胁 美国 东亚 经济 意识形态 渗透', '既然 中国 崛起 势不可挡 需要 务实 态度 处理 中国 关系 尤其 对于 传统 大国 美国 来说 支持 中国 和平崛起 互相 竞争 有可能 美国 分享 更多 影响力 繁荣 随着 中国 崛起 中国 解决 全球 问题 的地位 日益 重要 美国 要加强 中国 接触 更好地 管控 中国 关系 以便 共同 合作 应对 全球 地区热点问题 同时 减少 双方 战略 猜疑 敌对 情绪 东南亚 国家 来说 应该 欢迎 一个 富裕 强大的 中国 因为 通过 贸易 经济 交往 共享 财富 中国 立场 看中 国是 现行 国际体系 受益者 中国 需要 和平 外部环境 实现 进一步 发展 所以 中国 尽量 避免 一个 战争 冲突 不稳定 困扰 世界 中国 既然 世界和平 重要 利益攸关方 国际社会 可以 通过 制度 安排 保障 成为 负责 一员 从而 实现 和平崛起 为此 有人 主张 推动 建立 一种 有效 地区 多边 制度 中国 纳入 其中 促使 中国 成为 一个 负责 地区 大国 共同 维护 亚洲 秩序']",0.9653142897569474
0,12256,0_日本_中日_日美_钓鱼岛,"['日本', '中日', '日美', '钓鱼岛', '关系', '同盟', '防卫', '中国', '安倍', '美国']","['冷战 后期 日本 经济 作为 基础 开展 对华 外交 时期 中日 关系 基本特点 之一 日本 力图 通过 经济 合作 实现 政治 安全 利益 战略意图 具体 现在 三个 方面 通过 中日 经济 合作 适当 增强 中国 实力 使之成为 抵御 苏联 威胁 天然 屏障 通过 中日 经济 联系 逐步 助推 中国 西方 通过 加强 中日 经济 合作 进入 中国 广大 市场 中国 拥有 丰富 劳动力 资源 日本 雄厚 资金 先进技术 两国 之间 巨大 合作 余地 潜力 尤其 日本 欧美 经济 摩擦 不断 加剧 世界经济 区域化 发展 情况 日本 力图 密切 中国 经济 合作 而且 中日和平友好条约 缔结 当年 中国 决定 实施 改革开放 相关 对外政策 进行 调整 更加 有利于 中日 关系 发展经济 发达 技术 先进 日本 中国 对外开放 占有 重要 的地位', '冷战 结束 随着 国际格局 变动 日本 中日 关系 做出 定位 由于 苏联解体 中日 共同安全 威胁 消失 双边 问题 矛盾 日益 凸显 日本 和平 友好 利益 诉求 逐渐 通过 外交政策 表现出来 日本 学者 时期 称为 中日 关系 结构性 变动 主要 友好 利益 共存 基调 关系 出现 变化 中日 关系 年年 前后 进入 结构性 变动 中国经济 迅猛 增长 使得 经济 处于 低迷 日本 一部分 开始 中国 作为 竞争 对手 来看 历史 问题 台湾问题 钓鱼岛 问题 以及 日美 同盟 针对性 连续 影响 中日 关系 正常 发展 这些 中日 之间 业已 存在的 问题 日本 作为 中国威胁论 尽管 纪念 二战 结束 周年 村山谈话 对于 缓和 中日 关系 起到了 一定 作用 但是 日本 政治 右倾 背景 日本 对华政策 出现 不利 双边关系 发展 倾向 尽管 中日 第三个 政治 文件 中日 联合宣言 日本 对华政策 发挥 一定 规范 引领 作用 可以说 冷战 结束 中日 关系 处于 结构性 变动 和平 友好 比重 趋于 下降 导致 日本 对华政策 日趋 强硬 直接 损害 两国关系 正常 发展', '经历了 日美 盟约 修订 街头 抗议 困扰 之后 日本 逐渐 适应 日美 安全 同盟 的地位 中苏 同盟 蜜月期 相似 初期 日美 安全 同盟 关系 十分 广泛 正是 占领 方面 帮助 之下 日本 进行 战后 重建 例如 土地改革 分解 财阀 强制 实施 民主 政治制度 正是 那时 开始 日美 安全 同盟 成为 吉田主义 安全 政策 支柱 使得 日本 能够 借助 美国 安全庇护 集中 精力 发展经济 不仅 减轻 本国 财政 负担 而且 可以 消除 邻国 日本军国主义 复活 担忧 诸如 中国 韩国 美国 日本 快速 恢复 阶段 一直 依靠 霸权 维持 地区 稳定 随着 日本 成为 世界第二大经济体 美国 市场上 自己 展开 激烈 竞争 同时 日本 本国 市场 保持 封闭 美国 意识 正是 日美 安全 同盟 使得 日本 能够 经济发展 搭便车 特别是 日本 拒绝 参与 第一次海湾战争 而是 分担 亿美元 战争 开支 支票 外交 此时 美国 要求 日美 安全 同盟 对其 义务 进行 调整 一定 程度 减轻 美国 防卫 责任 考虑 防务 负担 转移 发生 冷战 此时 苏联 不再 日美 安全 同盟 目标 世界上 共产主义 国家 变得 凤毛麟角 北京 认为 日美 安全 同盟 强化 针对 就是 中国 当中 曾根康弘 日本 国防 预算 低调 突破 国民生产总值 邓小平 批评 这是 军国主义 表现 中国 国防 预算 开支 国民生产总值 比例 相比 日本 仍然 保持 相对 较低 水平 相比 国防 开支 规模 方面 变化 美国 唆使 日美 安全 同盟 地理 活动范围 得到 更大 扩展 日本 首相 小泉纯一郎 支持 增加 军费 开支 不仅仅 出于 事件 同情 重要 作为 反恐 战争 美国 安全 伙伴 日本 能够 发挥 积极 作用 中国 看来 美国 发动 反恐 战争 实际 意图 包围 中国 中国 日美 安全 同盟 指导 方针 修订 表示 强烈 不满 这次 修订 授权 日本 可以 使用 自卫队 维护 日本 周边地区 和平 同时 中国 谴责 日本 中国台湾地区 纳入 防卫 范围 日本 有关 发言人 对此 指控 予以 争辩 没有 断然否认 这种 怀疑 日美 台湾 列为 共同 安全关切 对象 联合声明 发表 之后 进一步 加剧 与此 同时 中国人 发起 在线 请愿 反对 日本 谋求 成为 改组 联合国安理会 常任理事国 另外 一些人 走上 街头 举行 简短 抗议 活动 中国 同样 谴责 日美 合作 开发 战区 导弹防御系统 科技 武器 认为 抵消 中国 小型 核威慑 甚至 防御范围 延展 中国台湾地区 中国 日美 作为 暗中 目标 猜测 得到 印证 当时 由于 中国 渔船 日本海岸警卫队 巡逻船 相撞 产生 争执 经过 一系列 此类 事件 之后 引出 美国 根据 日美 安全 同盟 相关 条款 防卫 日本 承诺 一定 日本 本土 遭袭 情况 适用 中国 目前 为止 仍未 明确 表示 反对 日美 安全 同盟 因为 中国 清楚 如果 这样做 迫使 日本 加强 自身 军力 承担 更多 防务 责任 毫无 疑问 中国 日本 日益增强 想要 国际上 扮演 重要 角色 意愿 一直 保持 警惕']",0.8409506075003975
1,10363,1_北京_上海_研究_政治,"['北京', '上海', '研究', '政治', '社会科学', '世界经济', '国际关系', '人民', '大学出版社', '国际']","['王逸舟 西方 国际 治学 历史 理论 北京 中国 社会科学', '门洪华 霸权 美国 国际 制度 战略 研究 北京 北京 大学出版社', '亚历山大 温特 国际 政治 社会 理论 玛莎芬尼 莫尔 国际社会 国家利益 彼得卡赞斯坦 文化 规范 国家安全 袁正清 国际 政治 理论 社会学 转向 建构主义 研究 上海 上海 人民 秦亚青 关系 过程中 国际关系 理论 文化 建构 上海 上海 人民']",0.9313279105617093
2,6176,2_欧盟_欧洲_罗斯_北约,"['欧盟', '欧洲', '罗斯', '北约', '德国', '关系', '国家', '大西洋', '美国', '美欧']","['综上 欧盟 北约 战略伙伴关系 冷战 欧盟 崛起 美国 政策 调整 二者 交互作用 欧美 关系 重塑 导致 结果 美国 基于 减少 霸权 护持 成本 考虑 欧盟 安全 防务 领域 加强 合作 欧盟 一方面 希望 加强 自身 北约 影响力 同时 谋求 欧洲 防务 一体化 实现 安全 再保险 需要 指出 欧盟 逐渐 作为 一个 防务 军事力量 主体 北约 开展 合作 虽然 校正 大西洋 同盟 不对 称性 具有 一定 意义 难以 消除 欧美 结构性矛盾 罗伯特卡根 一体化 欧洲 美国 比作 金星 火星 借此 说明 二者 政体 政治制度 乃至 文化 发展 个性 差异 以至于 二者 难以 结为 战略 联盟 查尔斯库普钱 甚至 断言 欧盟 美国 分歧 早已 超出 贸易 领域 两者 传统 盟友 变为 地缘政治 竞争 对手 长期内 欧盟 挑战 美国 霸权 趋势 不可 避免 毋庸置疑 欧美 结构性矛盾 欧盟 北约 战略伙伴关系 双方 合作 具有 制约 作用 柏林附加协定 虽然 双方 危机 管理 合作 原则 程序 做出 安排 欧盟 北约 资源 调动 权限 并未 得到 落实 由于 欧美 军力 不对 北约 欧盟 北约 关系 扮演 高级 伙伴 角色 欧盟 北约 之间 并未 形成 平等 组织 关系', '第三 欧洲 安全 体系 构建 问题 分歧 冷战 如何 构建 欧洲 全新 体系 国家 必须 直面 迫切 需要 解决 问题 美欧 虽然 一致 认为 北约 体系 占据 优势 主导 地位 存在 一定 分歧 欧盟 不愿 完全 依赖 北约 确保 欧洲 安全 至少 是因为 北约 具有 美国 战略 工具 性质 如是 不可 避免 受制 美国 即使 北约 按照 欧洲盟国 意愿 进行 改革 只是 意味着 它们 再次 成为 美国 全球 战略 组成部分 于是 欧洲 盟国 北约 积极 推动 建立 欧洲 安全 防务 特性 承担 彼得斯堡 任务 组建 兵种 联合 特遣部队 获得 美国 参与 独立行动 的能力 欧盟 同时 希望 发展 欧洲 独立 防务 积极 加强 自身 防务 能力建设 以期 成为 独立 防务 力量 欧洲 全新 体系 建构 安全 事务 主导权 问题 占据 更为 主动 的地位 发挥 更为 重要 作用 概括 而言 欧洲盟国 希望 加强 自身 北约 的地位 比重 制衡 北约 美国化 通过 加快 欧洲 共同 防务 力量 建设 自己 提供 安全 保险 为此 欧盟 更是 开始 提出 建设 共同安全 防务 政策 组建 自己 快速反应 力量 对于 欧洲 国家发展 自己 军事 防务 力量 美国 一直 心态 复杂 一方面 总体 支持 欧洲盟国 发展 防务 能力 以及 建立 欧洲 安全 防务 体系 努力 希望 要求 这种 发展 必须 北约 框架 进行 另一方 面对 欧洲人 谋求 欧洲 安全 导权 不以为然 时刻 担心 举动 大西洋 关系 产生 负面 影响 削弱 美国 北约 欧洲 安全 的地位 总之 美国 并不 反对 欧盟 发展 防务 力量 强化 欧洲 安全 体系 不愿 看到 欧盟 作为 一个 独立 防务 力量 参与 其中 担心 动摇 北约 体系 主导 地位 美国 分庭抗礼 共享 支配权', '再次 欧盟 安全 战略 实施 过程 挑战 世界多极化 发展 欧盟 安全 战略 实施 具有 世界性 全局性 必将 欧洲 安全 治理 推向 阶段 挑战性 不言而喻 主要 两个 方面 欧盟 安全 战略 全球 定位 欧盟 面对 全球 安全 利益 挑战 欧盟 共同 外交 安全 政策 安全 防务 政策 特别是 关于 建立 快速反应 部队 实施 皮特斯堡 任务 决定 促使 欧洲 安全 治理 进一步 深化 尽管 经过 伊拉克 战争 考量 证明 上述 措施 实行 起来 相当 困难 欧盟 维护 欧洲 安全 基点 触角 伸向 全球 战略 思想 并没有 改变 伊拉克 战争 欧盟 通过 安全 战略 指出 欧盟 面临 安全 环境 全球性挑战 关键性 威胁 此外 欧盟 安全 战略 强调 欧盟 世界 历史 地理 文化 紧密 联系 以及 共同 创造 中东非洲 拉丁美洲 亚洲 安全 必要 认为 建立 有效 多边体制 可以 世界 更安全 公正 团结 欧盟 安全 战略 实施 直接 面对 北约 战略利益 挑战 美国 主导 北约 依然 欧洲 安全 主体 战略定位 公开 宣布 欧洲 走向世界 欧洲 各类 安全 组织 北约 欧盟 两个 富有 实质性 任务 安全 组织 富有 戏剧性 的现象 北约 组织 大部分 成员国 同时 也是 欧盟 成员国 北约 军事干预 能力 远远超过 欧盟 美国 全球 战略 调整 美国 军事部署 入盟 中东欧 国家 转移 美欧 大西洋 关系 来看 美国 全球事务 力不从心 情况 强调 美欧 两极 作用 美欧 关系 欧洲 一极 发展 也曾 美国 不安 美欧 争夺 欧洲 安全 主动 进而 争夺 世界 安全 主动 斗争 一个 长期 逐步 演化 过程 难看 欧盟 安全 战略 实施 过程 挑战 来自 内部 来自 外部']",0.8612880202014153
3,4428,3_理论_国家_研究_国际关系,"['理论', '国家', '研究', '国际关系', '权力', '国际', '行为', '政治', '大国', '外交']","['通过 总结 国际 政治 心理学 建构主义 身份 问题 研究 成果 可以 发现 现有 研究 存在的 三个 困惑 第一 现有 研究 身份 往往 一种 静态 存在 温特 认为 身份 意义 结构 一旦 成就 不容 改变 因为 对于 行为 而言 社会体系 已经 成为 一个 客观 社会 事实 政治 心理学 强调 身份 稳定性 韧性 因为 人类 信念 一旦 成就 抵制 变化 事实上 身份 很多 时候 稳定的 总是 处于 不断地 澄清 清和 争论 过程中 很多 情况 施动 自身 无法 完全 确定 身份 第二 现有 研究 语言 作用 重视 不够 政治 心理学 看来 群体 身份 形成 依赖 多种 机制 国家 建构 而言 主要 依靠 公共 教育 实现 也就是说 公共 教育 推动 作为 想象 共同体 国家 形成 建构主义 看来 施动者 之间 互动 同样 不需要 借助 语言 温特 过人 外星人 相遇 例子 分析 符号 互动 这种 相遇 人类 是否 外星人 采取 敌对 态度 取决于 外星人 人类 做出 第一个 姿态 但是 人类 外星人 之间 没有 交流 他们 只是 通过 做出 自己 行动 和解 对方 行动 相互 调整 预期 温特 语言 忽视 受到 部分 学者 质疑 如有 学者 指出 按照 符号 互动 最初 设想 施动者 有能力 使用 语言 因为 它们 必须 通过 语言 对接 信息 进行 反思 和解 如果 更进一步 语言 就可以 施动者 之间 共享 客观化 从而 塑造 事实 共享 理解 第三 现有 研究 忽视 面对 交互 互动 建构 身份 作用 国家 互动 面对 交往 使得 信息 可以 不同 个体 之间 进行 传递 也可以 推动 个体 之间 移情 形成 从而 个体 之间 对于 对方 意图 判断 更具有 确定性 同时 交往 双方 产生 第一印象 可以 显著 影响 对话 双方 对于 威胁 可信 认知 从而 影响 双方 随后 互动 过程 正是 由于 现有 研究 具有 上述 不足 使得 交往 行动 理论 引入 身份 研究 具有 重要 的理论 意义', '外交学院 秦亚青 看重 中国特色 外交 理论 行动 导向 知识 导向 功能 构建 中国特色 外交 理论 不是 为了 构建 理论 构建 理论 而是 为了 指导 中国 外交 实践 解决 中国 当今 时代 面临 重大 问题 应该是 中国特色社会主义理论体系 重要 组成部分 至少 包括 三个 重要 前提 就是 时代观 秩序 中国 国际体系 定位 秦亚青 强调 理论 核心 问题 就使 理论 某种 意义 具有 合目的性 特征 中国 和平 融入 国际社会 中国 外交 理论 研究 一个 核心 问题 随后 国际关系 理论 切入 立足 几千年 中国 社会 历史 经验 关系 置于 核心 位置 提出 过程 本体 关系 本体 方法论 认识论 基本 内容 过程 建构主义 理论 标志着 中国特色的 外交 理论 有了 具体 的理论 结果 随着 关系 过程中 国际关系 理论 文化 建构 出版 秦亚青 提出 关系 本位 过程 建构 思路 视为 国际关系 理论 外交 理论 中国化 代表性 成果 成为 外交 理论 研究 特色 代表性 学者', '以上 三点 结论 可以 看出 权力 转移 理论 分析 大国关系 特别是 国际 冲突 战争 方面 具有 显著 创新 特别是 很大程度 批评 挑战 长期 以来 主导 国际 政治 理论 均势 思想 指出 大国 权力 增长 必然 导致 国际 权力 分配 事实 新兴大国 崛起 国际 后果 进行 较为 理性 平和 分析 成为 西方 现实主义 国际关系 理论 研究 权力 方面 一种 有益补充 然而 理论 理论 假设 逻辑推理 存在 一些 明显 漏洞 不但 削弱 理论 解释 而且 诸多 历史事实 不符 例如 理论 认为 工业化 结果 国家 权力 来源 领土 征服 结盟 转变 经济 技术 进步 政治组织 方式 变革 那么 理性 国家 行为 为何 还要 发动 侵略战争 它们 希望 获取 何种 战略 收益 实现 什么 目标 理论 并未 予以 回答 对于 新兴 崛起 来说 既然 它们 权力 增长 速度 明显 超过 体系 主导 那么 只要 具备 战略 耐心 保持 战略 克制 它们 必将 成为 主导 然而 这些 国家 为何 通过 挑战 现有 国际体系 及其 主导 从而 实现 权力 转移 换句话说 理性 崛起 应该 能够 认识 战略 克制 战略 进攻 登上 权力 顶峰 最佳 选择 对于 主导 来说 权力 转移 理论 认为 它们 现状 满意 维护 因为 现存 体系 它们 有利 然而 斯蒂文陈 通过 历史 理论 研究 证明 体系 主导 通过 发动 预防 性战争 崛起 对其 地位 构成 威胁 借此 进一步 巩固 扩大 自身 利益 此外 戴尔 科普兰 通过 历史 深入 挖掘 发现 发生 六次 大规模战争 五次 具有 军事 优势 国家 发起 经验事实 方面 理论 无法 解释 为什么 同样 处于 权力 转移 过程中 崛起 主导 之间 爆发 大规模 冲突 甚至 战争 另外 一些 主导 和平 相处 前者 一战 德国 英国 后者 世纪末 世纪中叶 美国 英国 最后 前述 第三点 相关 为什么 很多 情况 体系 主导 国会 出现 修正主义 倾向 例如 美国 冷战 不断 推动 北约 扩接 发动 两场 战争 表明 并非 满足 现状 原因 无法 理论 加以 解释']",0.8859153851810838
4,4380,4_美国_中美_中美关系_中国,"['美国', '中美', '中美关系', '中国', '苏联', '战略', '两国', '冷战', '竞争', '双方']","['中国 面对 美国 经济 压力 陷阱 美国 进行 互动 中美 对于 两国 经济关系 政治关系 作用 问题 同样 存在 分歧 中方 主流 认为 中美 之间 这种 经济 相互 依赖 关系 主要 扮演 两国 政治关系 压舱石 角色 美国 决策 特别是 特朗普政府 认为 中美 经济关系 正是 中美 结构性矛盾 突出 体现 中国 希望 中美 经济 相互 依赖 关系 能够 稳住 推进 中美 政治关系 并且 基于 认为 中美关系 合作 本质 不同于 当年 美苏 关系 对抗 本质 因为 美国 遏制 苏联 冷战 政策 实施 前提 之间 几乎 不存在 经济 往来 中美 之间 互为 重要 经贸 伙伴 然而 中美 经济 相互 依赖 中美关系 发挥 压舱石 作用 空间 限度 经济 相互 依赖 关系 或许 一定 程度 降低 中美 陷入 修昔底德陷阱 爆发 大国 军事 冲突 可能性 不能 缓解 中国 崛起 面临 经济 压力 陷阱 无法 避免 中美 政治关系 负面 走向 美国 决策者 看来 中美 经济关系 某种程度 正是 中美 结构性矛盾 症结所在 中美 经济关系 密切 两国 贸易 失衡 状态 凸显 中美 之间 经济 差距 进一步 缩小 中美 结构性矛盾 反而 越发 突出 也是 特朗普政府 一再 经贸 领域 中国 施压 国家安全战略报告 中将 中美 之间 贸易 问题 上升 美国 安全 战略 高度 原因 所在 即便 避免 中美 陷入 修昔底德陷阱 方面 中美 经济 相互 依赖 关系 能够 起到 真实 约束 作用 远低于 中美 之间 核武器 能力 相互 威慑 制衡', '美学 对于 奥巴马 执政 时期 中美 竞争 关系 认知 存在 较大 分歧 对于 竞争 加剧 原因 中国 学者 总体 倾向 结构性 角度 进行 分析 认为 中美 力量 对比 变化 导致 两国 各自 做出 战略 政策 调整 对于 竞争 范围 一种 观点 强调 中美 竞争 全面 认为 中美 战略竞争 关系 体现 两国 边区 全球 各个 层次 以及 政治 经济 思想 多个 领域 展开 权力 地位 物质利益 荣誉 尊严 争夺 一个 战略竞争 新时代 正在 全面 到来 另一种 观点 认为 中美 战略竞争 主要 现在 亚太地区 中国 核心目标 希望 东亚 赢得 安全 尊重 自身 合法 领土 主权 利益 美国 影响 限制 塑造 中国 的行为 选择 目标 中美 竞争 涉及 亚太 格局 走向 根本 问题 东亚 合作 亚太合作 竞争 中国 作为 经济 中心 美国 作为 政治安全 中心 竞争 地区 规则制定 竞争 对于 中美 竞争 关系 前景 中国 学者 之间 存在 不同 见解 比较 乐观 看法 认为 中美 保持 既是 竞争 对手 合作伙伴 关系 战争 恐怖 平衡 复合 相互 依赖 竞争 形势 软化 三大 机制 驱动 中美 有望 展开 越来越多 良性竞争 形成 一种 和平 战略竞争 关系 无论是 理论 还是 实践 看中 完全 有可能 亚太地区 避免 战略 对抗 冷战 形成 良性互动 格局 比较 悲观 观点 认为 中美 形成 类似 美苏 关系 冷战 冷战 关系 还有 一种 观点 认为 中美 竞争 加剧 特别是 东亚地区 两国关系 复杂性 不确定性 不断 上升 两国关系 竞争 合作 基调 难以 根本 改变 双方 都会 努力 避免 严重 冲突 发生', '两国 战略诉求 看中 继续 坚定不移 坚持 和平发展 互利共赢 对外 方针 美国 则是 需要 承担 全球 自由主义 秩序 主导 角色 政治 角度 国会 中国 崛起 充满 战略 忧虑 中国 自己 特色 社会主义 道路 总是 带有 根深蒂固 排斥 中国 处在 深刻 国内 转型 进程 之中 转型 国家 内在 压力 矛盾 常常 得中 缺乏 外交 战略 主题 深思熟虑 判断 外交 行为 反应性 特点 较为 突出 中美 双方 对于 维护 增强 亚太地区 稳定 合作 方面 有着 明显 共识 东亚 地缘 战略 环境 来看 美国 二战 之后 一直 东亚 区域 秩序 霸主 美国 可以 较为 容易 调整 自己 政策 便利 同盟 体系 战略 资产 全面 增强 对付 中国 战略能力 中国 长期 处于 富有 偏见 敌意 大国 领土争议 中小 国家 以及 随着 中国 崛起 中国 疑虑 加深 国家 包围 之中 中国 为了 自身 经济 安全 利益 发展 努力 改善 自身 周边 安全 环境 稳定 中国 主权 领土 利益 强烈 求和 重负 则是 美国 没有 加上 美国 军事实力 同盟 体系 全球 力量 投送 能力 战略 威慑能力 以及 全球 快速 常规 打击 能力 诸多 面对 中国 保持 绝对优势 中美 东亚 战略竞争 基本目标 应该 排除 美国 中国 采取 对待 苏联 那样的 遏制 政策 中国 有可能 采取 全面战略 挑战 两个 极端 事实上 美国 担心 中国 崛起 是否 带来 中国 攻击 同样 担心 区域 国家 中国 领土 安全 争议 激化 以及 中国 对抗 从而 导致 区域 破坏 稳定 和平 合作 不确定因素 上升 兹比格纽布热津斯基 明确 提出 美国 来说 东亚 未来 最大 不确定因素 地区 究竟 世纪前 半期 欧洲 还是 世纪后 半期 之后 欧洲 中美 作为 彼此 地区 稳定 繁荣 负有 特殊 责任 国家 战略竞争 即便 结构性 仍然 难以 演变 传统 意义 大国对抗 不可 争霸 进程 冷战 只能 客观 反映 两国 实力 对比 反映 各自 变化 战略利益 需求 中国 崛起 带来 东亚 安全 秩序 变革 进程 战略竞争 关系']",0.9211487217241111
5,4186,5_南海_海洋_菲律宾_中国,"['南海', '海洋', '菲律宾', '中国', '越南', '问题', '海上', '美国', '东盟', '主权']","['只要 南海 争议 无法 得到 有效 平息 解决 美越 政治 经济 安全 关系 深化 将会 不断 持续 美国 愿意 看到 越南 菲律宾 一样 通过 国际海洋法 仲裁 法庭 中国 钻井 作业 提请 国际 司法 仲裁 这样做 可以 避免 中越 南海 冲突 升级 酿成 暴力 或者 军事 冲突 除非 中国 越南 主动 采取 军事行动 或者 南海 美国 采取 更大 敌意 美国 将会 继续 坚持 政策 选择 未来 美国 南海 问题 介入 程度 取决于 南海 争议 表现 方式 和美 中国 南海 行动 战略 判断 越南 不是 美国 军事同盟 即便 中越 发生 海上 军事 冲突 美国 并没有 责任 义务 保卫 越南 如果 美国 中越 海上 军事 冲突 无动于衷 奥巴马政府 政策 遭到 国内 众多 批评 指责 推行 亚太 再平衡战略 过于 软弱 越南 效法 菲律宾 南海 问题 提请 国际 司法 裁决 可以 推动 国际法 南海 问题 司法干预 符合 美国 强调 中国 现有 南海 主权 权益 主张 不符 国际海洋法 基本 立场 只要 国际 司法 仲裁 出现 倾向 否定 中国 九段 理性 或者 中国 南海 主权 诉求 理性 司法 裁决 美国 拥有 道义 外交 准备 下一步 南海 问题 采取 干涉 行动 合法 借口', '第一 主权 利益 难以 调和 海上 争端 痼疾 难解 历史 法理 看中 拥有 南海 主权 不争 事实 世纪 年代末 年代 越南 菲律宾 马来西亚 文莱 先后 出兵 占领 控制 多个 南沙 岛礁 除了 抢占 岛礁 有关 国家 按照 联合国海洋法公约 关于 专属 经济 规定 单方面 分割 南海 海域 中国 越南 菲律宾 马来西亚 文莱 之间 南沙 主权 争议 南海 争端 焦点 难点 这些 东南亚 国家 彼此 之间 存在 不同 程度 海域 主权 资源 分配 争议 维持 南海 局势 和平 稳定 中国 东盟 签署 南海各方行为宣言 以下 简称 宣言 此后 各方 不再 占领 岛礁 越南 菲律宾 马来西亚 采取 各种 方式 巩固 占领 开发 旅游 开采 油气 资源 建立 军用 民用 基础设施 举行 选举 建立 行政 建制 宣示 所谓 主权 加紧 中国 南海 海域 侵占 目前 越南 菲律宾 马来西亚 南海 已经 呈现出 驻军 常态化 工事 永久化 阵地 纵深 特点 和平 解决 南海 主权 争议 增加 难度 争端 升级 冲突 爆发 埋下 安全 隐患 尽管 历年 端方 之间 南海 问题 开展 数轮 政治谈判 由于 海域 主权 争端 涉及 国家 核心利益 端方 很难 放弃 争议 海域 主权 要求 接受 其他 方式 利益 补偿 谈判 结果 不过 暂时 平息 当事国 之间 争端 缓和 局势 未能 彻底 解决 彼此 之间 海域 争端 一旦 事态 发展 当事国 之间 主权 争端 引发 海上 危机', '直到 进入 世纪 之前 美国 南沙岛礁 主权 争端 问题 还是 大致 遵守 第三方 角色 虽然 航行自由 计划 由来已久 但在 很长 一段时间 没有 南沙岛礁 主权 争端 联系 起来 美国 发布 关于 南沙群岛 南中国海 政策 声明 明确 表示 不对 南海 地区 领土争端 持有 立场 要求 声索 和平 手段 解决 相互 之间 争端 小布什 执政 尽管 中美 一度 发生 严重 南海 撞机 事件 主要 源于 美国 中国 抵近 侦察 政策 总体 小布什政府 时期 美国 没有 直接 介入 南海 主权 争端 而是 侧重 军事 手段 遏制 中国 奥巴马政府 开始 美国 屡屡 超越 自己 角色定位 行事 开始 改变 主权 争端 立场 美国 唆使 菲律宾 单方面 南海 争端 提交 海牙 国际 常设 仲裁 法庭 美国 助理 国务卿 丹尼尔拉塞尔 公然 要求 中国 明确 说明 划设 南海 九段 意义 指出 中国 宣称 主权 方式 破坏 地区 稳定 特朗普政府 重视 南沙岛礁 主权 争端 问题 为了 打压 中国 临近 任期 结束 国务卿 迈克 蓬佩奥 发表 关于 南中国海 主权 声索 立场 声明 明确 否定 中国 南海 主张 此前 美国 支持 其他 声索 专属 经济 主张 反对 中国 九段 这是 一个 公开 秘密 蓬佩奥 声明 首次 明确 立场 原来 事实上 变成 公开 政治 法律 除此之外 美国 南海 争端 的行为 越来越多 主要 现在 第一 通过 频繁 所谓 航行自由 行动 派遣 舰机 进入 中国 岛礁 领空 领海 通过 不断 渲染 南海 问题 自己 谋取 南海 局势 发言权 第二 支持 菲律宾 越南 其他 声索 强化 海上 巡逻 监控 的能力 强化 这些 国家 军事安全 交流 甚至 举行 联合演习 实际 鼓励 这些 国家 南海 争端 对抗 中国 第三 各种 国际 场合 不断 渲染 南海 主权 争端 试图 影响 争端 管控 解决 机制 对于 中国 东盟 国家 进行 南海 各方 行为准则 谈判 指导 要求 不得 限制 美国 航行自由']",0.8484197341045498
6,3301,6_印度_印太_印度洋_战略,"['印度', '印太', '印度洋', '战略', '印太地区', '地区', '中印', '安全', '美国', '合作']","['印度 对外政策 发展 趋势 印度 一方 面对 美国 出台 再平衡战略 引发 地区 不平衡 以及 区域 紧张 感到 担忧 希望 美国 重新 校准 再平衡战略 同时 觊觎 美国 推动 印太 产生 红利 美国 重视 印度 诸多 全球 议题 不断 上升 领导力 寻求 印度 一道 促进 南亚 以及 世界 其他地区 稳定的 许诺 吸引 印度 决策 开始 超越 传统 南亚 印度洋 地区 界限 开始 广泛 印太 视角 界定 印度 战略 空间 国家利益 举行 印度 东盟 纪念 峰会 印度 总理 辛格 第一次 印太 框架 阐述 印度 东盟 战略伙伴关系 重要 辛格 总理 访问 日本 印太 定位 双边关系 同月 印度 国防 部长 安东尼 相继 出访 新加坡 泰国 澳大利亚 表明 印度 重返 亚洲 一个 深思熟虑 政策 不是 简单 巧合 异想天开', '印度 如何 以及 能否 适应 印太 建构 也是 一个 问题 例如 印度 美国 推动 太平洋 经济 合作 消极 态度 印度 支持 奥巴马政府 提出 太平洋 伙伴关系 参与 东盟 为主 地区 全面 经济 伙伴 机制 目标 规范 印度 印太地区 建立 多元 包容 开放 安全 建构 需求 背离 印度 反对 多边贸易谈判 加入 贸易 相关 条款 有关 成员国 不同 发展 程度 区别性 条款 东盟 强调 共识 决策 能够 照顾 印度 国内 发展 求和 主权 印度 因而 认为 符合 自身 需求 地区 合作机制 自身 经济 发展问题 重视 促使 印度 更多 关注 印度洋 区域合作 联盟 印度洋 沿岸 国家 组成 地区 多边机制 论坛 包括 致力 共同 应对 海盗 能源 食品安全 非传统安全挑战 角度 印度 更需要 发展 一种 高度 务实 问题 导向 印太 认知 不是 追求 笼统 战略 趋同', '毫无 疑问 国家 行为 对外 战略 主要 根据 自身 国家利益 进行 建构 实施 根据 印度 学者 研究 印度 外交政策 建构 主要 基于 三项 国家利益 国家发展 世界秩序 安全 而言 生存 紧密 相关 印度 关注 安全 来源于 两条 安全 屏障 印度洋 北部 喜马拉雅 地带 陆地边界 印度洋 而言 基于 历史 经验 印度 认为 正是因为 英国 控制 印度洋 征服 印度 提供了 便利 条件 至于 北部 边界 世纪 以前 征服 印度 力量 要从 西北 进入 印度 独立 以来 北部 边界 防范 对象 主要 巴基斯坦 中国 印度洋 先是 英国 和美 目标 尤其 世纪 年代 印度 印度洋 目标 在于 排除 美国 影响 印度 继承 英国 印度洋 曾经 辉煌 世纪 年代 开始 印度 意识 有能力 美国 逐出 印度洋 寻求 美国 开展 海洋 安全 合作 排斥 目标 锁定 中国 以后 尽管 中国 不是 印度 建构 外交战略 全部 但在 其中 占据 相当 分量 确定 无疑 值得 注意 刻意 塑造 中国 印度洋 战略 威胁 甚至 包围 印度 形象 正是 印度 寻求 美日 加大 海洋 安全 合作 重要 动因 印度北部 边界 中印 一直 存在 难以 解决 领土争端 这样的 背景 印度 加强 美日 海洋 安全 合作 意义 通过 美日 安全 互动 不断 增加 中国 压力 甚至 台湾问题 不断 试探 中国 底线 希望 中国 可以 领土 利益 方面 满足 全部 要求']",0.8190579247025747
7,2472,7_中国_发展_外交_世界,"['中国', '发展', '外交', '世界', '国际', '坚持', '习近平', '国家', '实现', '一个']","['这年间 中国 发展 速度 明显 加快 国际地位和国际影响力 显著 上升 中国 世界 关系 发生 历史性变化 时期 中国 外交 大体 延续 邓小平 制定 基本方略 同时 若干 方面 有所 创新 江泽民 做出 世纪 头年 一个 必须 紧紧 抓住 并且 可以 大有 作为 重要战略机遇期 重要 判断 更为 系统 提出 中国 关于 建立 公正 合理 国际政治经济新秩序 主张 首倡 互信 互利 平等 作为 核心 新安全观 主张 推进国际关系民主化 强调 承认 尊重 世界 多样性 呼吁 各国 通过 和睦 相处 长期共存 缔造 美好 世界 胡锦涛 明确 提出 中国 坚定不移 走和平发展道路 强调 以人为本 外交 为民 理念 倡导 共建 持久和平 共同繁荣 和谐世界 中国 外交 坚持 独立自主 原则 和平共处五项原则 的基础 持续 强化 和平 发展 合作 共赢 四种 理念 国务院新闻办公室 发布 中国的 和平发展 白皮书 指出 中国 基于 自己 几千年 历史 文化传统 基于 经济全球化 本质 的认识 人类 共同利益 共同 价值 的认识 郑重 选择 和平 发展 合作 共赢 作为 实现 国家 现代化 参与 国际事务 处理 国际关系 基本 途径 基于 上述 新理念 判断 政策 中国 全球 主要 大国 关系 持续 稳定 发展 周边国家 睦邻 友好合作 关系 进一步 扩大 深化 广大 发展中国家 团结 合作 取得 重要 进展 多边外交 丰富多彩 由此 中国 世界 互动 大体 良性 状态 双方 更深 程度 相互依 存在 更广 范围 相互影响 中国 发展 越来越 离不开 世界 世界 发展 越来越 离不开 中国', '自身 利益 国际责任 关系 伴随 中国 国力 迅速 发展 国际 影响 扩大 国际社会 中国 期待 迅速 增长 无论是 欧美 国家 希望 中国 承担 更多 全球 责任 还是 发展 中国 国家 中国 发展 期待 反映 中国 发展 自身 带来 国际责任 压力 如何 协调 自身 利益 国际责任 关系 成为 中国 外交 面临 重要 课题 需要 推动 发展 进程 不断增强 自身 国际责任 意识 实现 自身 发展 推动 世界 共同发展 进步 正是 中国 倡导 建立 和谐世界 初衷 中国 全球 责任 不仅 现在 其他 主要 国家 一道 维护 全球 金融秩序 稳定 打击 国际 恐怖主义 阻止 全球 气候 变暖 也包括 推动 发展中国家 减贫 发展 促进 世界 均衡 发展 南北 问题 解决 以及 通过 国际 多边 渠道 帮助 处于 动荡 发展中国家 实现 政治稳定 中国 日益 增长 全球 责任 真正 得到 国际社会 大多数 认同 必须把 广大 发展中国家 置于 自身 战略视野 重要 位置 维护 发展中国家 利益 视为 自身 国际责任 重要 方面 帮助 其他 发展中国家 解决 和平与 发展问题 体现出 应有 国际道义 人道 关怀 正如 胡锦涛 主席 联合国 成立 周年 首脑会议 阐述 那样 国是 中低 收入 发展中国家 发展道路 仍然 面临 许多 困难 挑战 我们 最大 努力 支持 帮助 其他 发展中国家 加快发展 国是 一个 发展中国家 也是 拥有 重要 国际影响力 大国 可以 利用 自身 多重身份 协调 南北 关系 成为 沟通 发展 世界 发达 世界 桥梁 从而 世界 发展 起到 特殊 推动 作用', '首先 新一届中央领导集体 继续 强调 中国 发展中国家 属性 发展 使命 中国 和平发展 白皮书 明确 指出 相当 历史时期 中国 一个 发展中国家 基于 一定 发展 仍然是 中国 核心 任务 不仅是 解决 国内 一切 问题 的基础 也是 增强 外交 实力 保证 近年来 中国 领导人 反复 强调 新形势 外交 工作 国家发展 关系 更加 密切 必须 依靠 发展 服务 发展 促进 发展 切实 维护 全方位 对外开放 条件 我国 发展利益 面对 复杂 形势 根本 还是 办好 我们 自己 事情 显然 新一代 中国 领导 集体 继承 发展 历史 使命 确立 两个一百年奋斗目标 就是 实现 国内生产总值 城乡居民人均收入 翻一番 全面建成小康社会 世纪中叶 建成 富强民主文明和谐的社会主义现代化国家 实现中华民族伟大复兴 习近平 中国 国家发展 目标 形象 表述 中国梦 提出 实现中华民族伟大复兴 近代 以来 中国人民 伟大 梦想 其次 中国 正视 自身 具有 大国 地位 明确 国际事务 发挥 负责任的大国 作用 不能 否认 经过 多年 改革开放 中国经济 取得了 举世 目的 成就 中国 超越 日本 成为 世界第二大经济体 一些 世界 舆论 视为 世界经济 领导力 近代 以来 中国 从未 具备 如此 强国 条件 中国 从未 民族复兴 梦想 这样 单纯 强调 中国 发展中国家 属性 体现了 中国 外交 承继性 但是 不能 反映 中国经济 成长 国际地位 变化 外交部 王毅 第二届 世界和平 论坛 午餐会 提出 中国 大国 定位 问题 定位 克服 中国 发展 过程中 出现 经济总量 巨大 人均收入 偏低 自身 能力 与国 期待 之间 巨大 差异 问题 更加 容易 外部世界 接受 认知 中央外事工作会议 习近平 主席 正式 提出 中国 必须 自己 特色 大国 外交 表明 中国 新一届 政府 越来越 明晰 自身 的认识 既是 发展中国家 同时 也是 全球 大国 客观 要求 中国 一方面 要做好 自身 发展 工作 一方面 承担 自身 能力 适应 全球 责任 努力 打造 人类命运共同体']",0.9086989913580052
8,2119,8_朝鲜_韩国_朝鲜半岛_美韩,"['朝鲜', '韩国', '朝鲜半岛', '美韩', '朝核问题', '美国', '同盟', '制裁', '东北亚', '问题']","['韩国政府 通过 危机 升级 方式 追求 利益 目标 是什么 李明博 讲话 要求 朝鲜 立刻 韩国 国际社会 道歉 处罚 起事 牵涉 人员 并没有 表示 如果 朝鲜 道歉 就能 实现 和解 在此 韩国 拒绝 朝鲜 关于 核实 证据 进行 南北 军事 高级 会谈 要求 完全 堵死 双边 解决 路径 既不 朝鲜 辩解 机会 也不 朝鲜 承认 机会 可见 朝鲜 道歉 不是 韩国 真正 诉求 全面 封锁 报复 制裁 背后 韩国 真正 寻求 朝鲜 彻底改变 李明博 讲话 明确 提出 朝鲜 进行 自我 改变', '冷战 结束 尽管 东北亚 格局 地区 大国关系 朝鲜半岛 南北 关系 发生 较大 变化 美国 延续 冷战 时期 制定 朝鲜 实行 政治 对立 外交 孤立 军事 威慑 经济 制裁 政策 美朝 关系 长期 处于 相互 敌对 紧张 对峙 状态 确保 自身安全 朝鲜 开发 核武器 作为 应对 日趋 加重 美国 军事威胁 保护 朝鲜 免受 美国 其他 敌对 国家 军事打击 防止 美国 对其 进行 政权更迭 活动 确保 国家 生存 的关键 以及 美国 讨价还价 筹码 目前 为止 朝鲜 进行 六次 核试验 百次 导弹 试射 持续 开发 新一代 固体燃料 导弹 潜射导弹 陆基 导弹 朝鲜 开发 核导弹 目的 获得 直接 国本 进行 打击 生存 可信 威慑能力 取得 一系列 重大 技术 突破 进行 洲际导弹 试射 表明 朝鲜 已经 具有 接近 具有 打击 国本 能力 虽然 目前 朝鲜 面临 核弹头 小型化 导弹 重返 大气层 技术 障碍 美国 国防 官员 专家 普遍 认为 朝鲜 制造 覆盖 全美 核导弹 只是 一个 时间 问题 进一步 加大 特朗普政府 解决 朝核问题 紧迫感 特朗普 就任 朝核问题 作为 美国国家安 全面 主要 威胁 一对 朝鲜 实施 极限 施压 政策 保持 高压态势 的同时 朝鲜 领导人 多次 进行 首脑会晤 此举 虽然 缓和 朝鲜半岛 紧张 局势 并没有 半岛无核化 问题 取得 实质性进展 朝鲜导弹 开发 问题 美国 导弹 防御 评估报告 过去 十年 朝鲜 加速 进行 导弹 研发 部署 摧毁 地区 美军 以及 美国 盟国 伙伴 军事力量 以来 朝鲜 试射 短程 弹道导弹 次数 高达 多次 实战 部署 更多 中短程导弹 寻求 数量 已经 很大 短程 弹道导弹 力量 多样化 包括 研制 公路 移动 潜艇 平台 发射 投放 系统 朝鲜 拥有 远程 短程 导弹系统 给予 打击 美国 领土 包括 关岛 海外 美军 美国 太平洋 地区 盟国 伙伴 的能力 成为 朝鲜 发布 胁迫 先发制人 威胁 工具 美国政府 认为 美朝首脑会晤 尽管 目前 存在 一条 朝鲜 达成 和平 协议 途径 朝鲜 导弹 开发 继续 美国 构成 巨大 威胁 美国 必须 保持 警惕', '朝鲜半岛 和平 安全 问题 中方 反对 朝鲜 的同时 希望 看到 朝鲜 内政 保持 稳定 美方 关注 首先 朝鲜 核武器 导弹 武器 问题 其次 朝鲜 韩国 挑衅 问题 第三 朝鲜 内部 政治 突变 引发 动乱 一些 美国人 等待 朝鲜 认为 只有 朝鲜 改换 政权 才能 最终 解决 朝核问题 美方 中方 政策 是否 调整 视为 构建新型大国关系 试金石 之一']",0.802671138331876
9,1652,9_研究_理论_外交_国际关系,"['研究', '理论', '外交', '国际关系', '中国', '相关', '国际秩序', '概念', '国际', '分析']","['相关 研究', '相关 研究', '相关 理论 概念']",0.9551668906888335
10,1352,10_习近平_日报_人民_讲话,"['习近平', '日报', '人民', '讲话', '王毅', '新华网', '开幕式', '中华人民共和国', '会见', '网站']","['习近平 会见 美国总统 奥巴马 人民 日报', '习近平 联合国 成立 周年 纪念 峰会 讲话 人民 日报', '习近平 企业 座谈会 讲话 人民 日报']",0.9130252153182815
11,1192,11_台湾_台湾问题_当局_美国,"['台湾', '台湾问题', '当局', '美国', '两岸', '台独', '美台', '邦交', '台海', '台湾地区']","['与此 同时 台湾 当局 开始 思索 台湾 美国 亚太 战略 扮演 角色 时任 台湾 国防 部长 夏立言 美国 智库 美国 安全 中心 举办 研讨会 表示 虽然 美国 台湾 纳入 亚太 再平衡战略 顾虑 台湾 愿意 分担 一部分 责任 可以 军事 外交 文化 教育 人道 救援 减灾 等方面 发挥 作用 这是 台湾 当局 首次 做出 表态 说明 台湾 可以 亚太 再平衡战略 担负 何种 责任 除了 台湾 当局 作为 台湾民进党 为了 讨好 美国 竭尽 所能 迎合 亚太 再平衡战略 时任 民进党 主席 苏贞昌 台湾 亚太 再平衡战略 扮演 积极 更具 建设性 角色 美国 公开 台湾 纳入 战略 民进党 期待 美国 积极 协助 台湾 加入 跨太平洋伙伴关系协议 强化 台美 之间 以及 台湾 区域 盟邦 连结', '表现 之一 美国 对待 台湾 民主 多重 标准 处理 台独 议题 冲突 众所周知 美国 促使 台湾 实现 民主化 利益 主导 全球 战略利益 服务 然而 导致 一个 显而易见 矛盾 一旦 台湾 当局 作为 美国 现实 利益冲突 民主 利益 最终 屈从 现实 利益 这种 矛盾 近年来 比较 集中 现在 美国 台湾 当局 台独 行为 处理 譬如 至今 修宪 关乎 台湾 民主 建构 深化 但在 民主 外衣 包含 浓厚 台独 分裂 意识 美国 最初 介入 情势 发展 不得不 做出 一定 反应 国务院 助理 国务卿 凯利 首度 公开 阐明 美国 支持 修宪 有限性 指出 台湾 深化 民主 如果 我们 觉得 这些 努力 美国 安全 利益 不利 影响 伤及 台湾 本身 安全 我们 不得不 说明 关于 台湾 考虑 修宪 问题 美国 支持 限度 针对 台湾 当局 通过 宪改 深化 民主 利用 民主 寻求 法理 台独 举动 美国 试图 进行 严格 区分 凯利 表示 美国 坚决 支持 台湾 民主 包括 支持 台湾 人民 有权 选举 自己 领导人 有权 自身 安全 经济外交 等问题 做出决定 我们 支持 台湾独立 片面 迈向 独立 举动 不可 台湾 民主 自由 自治 繁荣 安全 层面 更上层楼 为此 台湾 当局 修宪 活动 采取 两种 不同 态度 支持 台湾 当局 高行 效率 修宪 视为 内政 不予 介入 坚决反对 台湾 当局 片面 改变 台海 现状 引发 两岸关系 紧张 修宪 台湾 当局 涉及 主权 领土 国旗 国号 敏感 议题 修宪 不予 支持 对此 高度 警惕 预防', '台湾问题 美国 亚太战略 重要 组成部分 确保在 利益 美国 不仅 长期 维持 台湾 所谓 盟友 关系 支持 保护 台湾 民主 纳入 美国 政策 重要 内容 冷战 结束 前后 美国 敦促 台湾 当局 启动 完成 民主 转型 民主 成为 台湾 当局 寻求 美国 支持 重要 手段 成为 美台 断交 双方 构筑 实质 关系 价值 纽带 但是 美国 推动 台湾 实现 政治体制 民主化 客观 台湾 当局 民主 方式 抗衡 外部 特别是 美国 压力 推动 台独 活动 提供了 空间 台湾 当局 民主 幌子 大肆 推动 台湾 正名 公投 制宪 制造 两个中国 一中一台 分裂 活动 两岸关系 带向 危险 边缘 严重威胁 台海 稳定 威胁 美国 亚太 战略利益 目前 陈水扁 当局 民主 推动 台湾 名义 加入 联合国 公投 以下 简称 入联公投 这种 变相 统独 公投 陈水扁 推动 法理 台独 重要 步骤 挑衅 一个 中国 势将 严重 冲击 台海地区 和平 美国 政策 民主 策略 与其 现实 利益 矛盾 日益 突出 成为 美国 维持 两岸 现状 政策 严峻 考验']",0.8126307160177667
12,1010,12_东盟_东亚_地区_合作,"['东盟', '东亚', '地区', '合作', '安全', '亚洲', '区域', '共同体', '机制', '国家']","['其次 东盟 主导 地位 东盟 模式 刘江永 认为 东盟 东亚 地区主义 发展 进程 扮演 两个 极为 重要 角色 主导 地区 合作 规范 供给者 两者 恰好 也是 东亚 地区主义 进一步 发展 面临 问题 东盟 自身 实力 而言 无疑 处于 弱势 之所以 处在 领导者 位置 除了 东盟 本身 作为 东亚 地区主义 先驱 身份 东亚 地区主义 提供了 作为 规范 东盟 模式 之外 也是 中日 之间 寻求 权力 平衡 结果 东盟 主导 地位 确立 既是 历史 选择 更是 现实 权力 竞争 结果 也可以 东盟 主导 作用 发挥 条件 东盟 国家 内部 稳定 东盟 国家 之间 关系 协调 东盟 东亚 力量 之间 合作 三者 缺一不可 近来 东盟 主导 作用 正面 东盟 主导 减弱 新地区 协调 机制 兴起 大国 地区 合作 问题 主导权 竞争 加剧 挑战 疲态 尽显 形象地 称为 小马 大车 翟崑 认为 虽然 东盟 陷入 阶段性 弱势 状态 只要 东亚 国家 继续 推进 东亚 合作 意愿 东盟 就能 继续 发挥 主导 作用 至于 东盟 模式 一致 观点 东盟 模式 导致 东亚 地区主义 制度化 开放 主义 原则 极大程度 带来 地区 认同 混乱 区域合作 目标 泛化', '第三 东盟 地区 合作 过程中 凸显 东盟 领导 地位 东盟 组织 作为 东南亚 一体化 领导者 自身 具有 鲜明 特点 东盟 主要 功能 在于 经济一体化 政治 安全 一体化 方面 较弱 特别是 安全 东盟 一直 依靠 美国 战略合作 保护 另一个 重要 特点 东盟 领导者 东盟 自身 小国 集团 尽管 东盟 积极 发展 周边 大国 中国 美国 日本 协商 机制 比如 东盟 机制 主导 东盟 发展 还是 东盟 国家 联盟 这种 领导 地位 形成 成为 东盟 发展 重要 因素 中国 东盟 发展 关系 从一开始 注意 尊重 维护 东盟 自身 领导 地位 并没有 试图 积极 影响 掌控 东盟 一体化进程 而且 中国 更多 通过 首脑 峰会 机制 保持 东盟 经济 方面 合作 通过 尊重 东盟 领导者 地位 中国 地位 权力 追求 方面 展现了 诚意 获得 东盟 认可 回报 也有 学者 提出 中国 东盟 关系 发展 特别是 政治 信任 增长 中国 东盟 关系 舒适度 紧密 相关', '亚洲金融危机 表明 东盟 自身 能解决 危机 国际货币基金组织 国际 制度 不可 倚靠 东亚 国家 之间 紧密 合作 成为 惟一 可行 选择 自此 东盟 一直 东亚 地区主义 主要 组织者 东盟 方式 逐渐 扩展 东亚 一体化进程 尤其 东盟 各国 中国 采取 接触 战略 寻求 中国 纳入 地区 制度 地区 对话 中国 支持 东盟 提出 东亚峰会 模式 东盟 共同体 建设 领导 地位 东盟 中国 关系 健康 发展 东盟 东亚 秩序 建构 发挥 重要 作用 基本 条件 迄今 东盟 东亚 合作 进程 作用 堪称 成效 东盟 经济 一体化进程 领导 地位 得到 地区 内外 国家 认可 尊重 寻求 所有 地区 合作 倡议 扮演 中心 角色 然而 东盟 方式 秉持 制度化 避免 承诺 义务 做法 不仅 导致 东盟 内部 整合 缓慢 一定 程度 放缓 东亚 安全 秩序 建构 进程']",0.851062939660214
13,997,13_美国_亚太_地区_东亚,"['美国', '亚太', '地区', '东亚', '亚太地区', '亚洲', '安全', '战略', '中国', '经济']","['第一 强化 地区 秩序 安全 因素 和美 地区 事务 影响力 二战 以后 美国 处理 亚太事务 基本 逻辑 安全 美国 军事 优势 亚太地区 秩序 突出 特征 但是 随着 冷战 结束 中国经济 蓬勃发展 亚太 以及 东亚 经济 合作 推进 亚太事务 安全 素淡 经济 因素 增强 美国 全优 地区 发展 关联 下降 从而 导致 美国 地区 事务 影响力 弱化 奥巴马政府 一开始 亚太 政策 思路 经济 外交 重视 亚太地区 通过 加强 亚太地区 经济 联系 扩大 美国 出口 重振 美国 经济 提升 美国 就业 通过 外交 积极参与 亚太事务 防止 美国 边缘化 扩大 美国 亚太地区 影响力 更好地 促进 美国 亚太地区 利益 由于 伊拉克 阿富汗问题 牵制 奥巴马政府 一开始 并没有 突出 亚太地区 安全 关注 但是 随之而来 一系列 事态 发展 改变 美国 亚太 政策 轨迹 一方面 美国 作战部队 撤出 伊拉克 美国 启动 阿富汗 撤军 进程 奥巴马政府 开始 摆脱 中东 中亚 战略 牵制 支配 军事资源 增多 另一方面 亚太地区 一系列 突发事件 天安舰事件 延坪岛炮击事件 爆发 南海 纷争 激化 中日 钓鱼岛 争端 引起 外交纠纷 奥巴马政府 找到 重返 亚太 切入点 就是 美国 一向 擅长 安全 于是 美国 亚太战略 大幅度 地区 安全 角度 倾斜', '美国 主张 亚太 秩序 规则 主要 包括 安全 美国 主导 结盟 有限 多边主义 安全 秩序 建构 基本 逻辑 维护 美国 及其 盟友 安全 利益 也是 秩序 主要 功能 美国 主导 首先 现在 现存 地区 秩序 中国力量 崛起 东盟 规范 崛起 背景 国会 继续 谋求 维护 巩固 主导 地位 即使 美国 逐渐 失去 力量 优势 情况 努力 确保 规则 主导权 双边 同盟 体系 美国 亚太地区 主要 战略 资产 也是 构建 地区 秩序 重要 抓手 实际 美国 心仪 地区 秩序 就是 同盟 体系 放大 结盟 成为 美国 构建 地区 秩序 重要 原则 在后 冷战 时代 美国 克林顿政府 奥巴马政府 时期 倡导 参与 一些 多边主义 合作 经济 政治 安全 东盟 发起 东盟地区论坛 东盟防长扩大会 东亚峰会 不过 美国 亚太 多边主义 实践 有限 安全领域 尤为 明显 因为 美国 看来 多边 安全 合作 只是 传统 双边 安全 合作 一个 补充', '首先 美国 亚太地区 战略地位 战略 存在 得以 巩固 强化 主要表现 以下 三点 美国 地区 构建 一种 更为 活跃 整合 伸张 外交 态势 集中 体现 美国 成功 全面 介入 亚太地区 多边 合作机制 强化 自身 外交 领域 领导 地位 从而 地区 实现 某种 推回 由于 小布什政府 过于 关注 中东 事务 中美 之前 亚太 外交 博弈 一直 朝着 有利于 中国 方向 发展 亚太 再平衡战略 实施 造成 中国 过去 数年 外交 努力 部分 抵消 甚至 逆转 例如 再平衡战略 影响 亚太地区 以往 经济 合作 一体化 核心 内容 多边机制 开始 纷纷 转向 关注 地区 安全 议题 地缘政治 冷战 结束 再次 成为 亚太地区 焦点 不仅 区域 国家 经济 合作 带来 明显 消极 影响 而且 美国 外交干预 提供了 充足 理由 美国 成功 军事重心 转移 亚太 巩固 地区 安全 主导 地位 年年 军事战略 报告 可以 看到 美国 军事重心 转移 亚太 再平衡战略 的关键 部分 实现 目标 美国 鼓励 东海 南海 部分 主权 声索 实施 挑衅 行动 激化 争端 从而 减少 军事 平衡 阻力 顺利 说服 国会 国内 民众 制造 所谓 威胁 舆论 对此 美国 学者 罗伯特 罗斯 认为 近年来 中国 日本 部分 东南亚 国家 海洋争端 激化 先是 美国 介入 美国 出于 维持 战略 可信度 考虑 加剧 所有 这些 现象 背后 共同 根源 美国 追求 强化 自身 亚太地区 安全 主导 地位 经济 重返 美国 分享 亚太 经济增长 成果 一定 程度 有助于 经济 复苏 总体来看 虽然 国内 改革 后危机时代 美国 经济 恢复 起到了 决定性作用 不容 忽视 美国 经济 之所以 能够 金融危机 欧洲 更快 实现 复苏 甚至 繁荣 得益于 亚太 特别是 中国 之间 紧密 经济 合作 例如 奥巴马 第一任期 结束 国会 提交 总统 贸易 政策 议程 报告 指出 上任 以来 出口 翻番 计划 之所以 得以 顺利 实施 特别是 美国 出口 相对 其他 发达经济体 而言 增长 更为 强劲 主要原因 在于 全球 贸易 亚太地区 经济 联系 此外 谈判 启动 美国 提供了 进一步 融合 亚太 经济 成为 地区 经济 领袖 机会']",0.9193454771969617
14,989,14_特朗普_特朗普政府_美国_共和党,"['特朗普', '特朗普政府', '美国', '共和党', '政策', '民主', '选民', '贸易', '国会', '选举']","['第三 特朗普政府 团队 内部 力量 消长 决定 中期 特朗普 战略 主要 不确定因素 特朗普政府 美国 历史上 组建 最慢 一届 政府 迄今 多数 高级 政府官员 仍未 到位 重要 特朗普政府 内部矛盾 颇多 政治 斗争 激烈 国家安全事务 助理 迈克尔弗林 就职 未满 一个月 被迫 辞职 已经 说明 问题 未来 特朗普政府 各派 政治力量 消长 对其 内外 战略 包括 战略 走向 产生 重要 影响 外交 而言 特朗普 政府 内部 最大 矛盾 主张 美国 第一 民族主义 民粹主义 群体 主张 国际主义 共和党 主流 之间 矛盾 前者 史蒂夫 班农 彼得纳瓦罗 特朗普 竞选 顾问 代表 特朗普 本人 竞选 期间 以及 上任 主要 体现了 特征 如果 一股 力量 特朗普 外交 决策 占据 主导 地位 美国 对华政策 主要 聚焦 双边 经贸 特别是 贸易 平衡 等问题 后者 主要 集中 政府 高层 国务卿 雷克斯蒂勒森 财政 部部长 史蒂文努钦 以及 白宫 高管 国家安全 顾问 赫伯特 麦克马斯特 国家 经济委员会 加里科恩 等人 主流 共和党 国际主义 更多 中美关系 置于 国际格局 之下 审视 之后 特朗普 盟友 政策 显示出 向后 一派 靠拢 迹象 美国媒体 近期 纷纷 猜测 特朗普 团队 内斗 激烈 特朗普 影响 极大 伊万卡 特朗普 贾瑞德库什纳 夫妇 传统 主流 形成 联合白宫 是否 存在 人事 斗争 获得 最终 胜利 现在 尚早 但是 特朗普政府 内部 存在 两种 世界观 比较 明显 事实 此外 国际主义者 当中 对华政策 存在 强调 军事安全 问题 国防 鹰派 强调 金融 利益 强调 中国市场 开放 高盛 差别 两类 官员 强调 具体 议题 态度 强硬 程度 存在 明显 差别 国防 鹰派 更可能 中美关系 推向 大国对抗 高盛 或许 更有可能 中美关系 导向 大国 合作', '美国 政治 角度 政府 成员 构成 相较 奥巴马政府 来说 特朗普政府 成员 政治 倾向 更加 单一 因为 特朗普 任命 官员 忠诚 看重 超过 专业性 考量 就使 政府 内部 其他 决策 精英 大都 特朗普 持有 相似 观念 执行者 这些 特朗普主义者 国优 单边主义 大国 竞争 理念 坚信 不疑 由此 形成 人员 组织结构 意味着 作为 国内 层次 中介变量 正常 传导 国际体系 新变化 特朗普 本人 政策 倾向 行事 风格 能够 较大 程度 影响 美国 战略 调整 两党 政治 来看 虽然 中期 选举 共和党 众议院 失去 多数 的地位 但在 参议院 成功 保住 多数 席位 党争 政治 特朗普 外交战略 掣肘 得到 控制 此外 奥巴马政府 时期 类似 特朗普 面对 国会 虽然 一些 国内 问题 很多 批评 意见 但在 有关 对华政策 问题 并没有 打压 白宫 意思 相反 双方 更多 形成 很多 共识 意味着 特朗普政府 虽然 一些 民主 较大 不同意见 政策 领域 面临 困难 但在 推进 对华 战略 继续 转型 能够 保持 相对 稳定 政府 普通 选民 关系 而言 当初 特朗普 成功 送上 总统 宝座 美国 蓝领 阶层 经济 格外 关注 他们 反全球化 态度 特朗普 进行 决策 一个 重要 国内 考量 个人 层次 特朗普 本人 商人 出身 因而 具有 很强 商人 思维 在行 风格 具有 极其 鲜明 反叛 个性 自恋 人格 意味着 传导 外部 刺激 过程中 有可能 美国 战略 调整 更富 个人 人格 独特 烙印', '特朗普 执政 以来 政策 影响 中美关系 呈现 最新 互动 模式 已经 带有 显著 特朗普 特征 如果 不是 特朗普 利益 变化 角色 转换 诸多 特征 可能会 延迟 出现 个别 特征 甚至 不会 出现 总体 特朗普 个人 因素 将会 导致 中美 均衡 关系 加速 形成 这是 特朗普 执政 对于 中美关系 重要 影响 关键 原因 两点 特朗普 当选 引发 政治 内斗 趋势 进一步 缩小 中美 之间 实力 差距 虽然 特朗普 高举 建制 大旗 赢得 总统大选 美国 国内 仍有 大量 质疑 特朗普 当选 合法性 以及 人品 政治力量 特朗普 美国 国内 建制 之间 缠斗 将会 成为 执政 时期 美国 政治 主旋律 这种 斗争 不仅 存在 共和党 民主 两党 之间 共和党 内部 相当 普遍 特朗普 当选 不仅 不能 弥合 美国 政治 非常 严重 极化 现象 反而 导致 政治 极化 弊病 特朗普 时期 变得 更为 恶劣 无论 特朗普 及其 反对者 美国 很长 一段时间 难以 凝聚 政治 共识 难以 推进 有利于 整个 国家 战略议程 反观 中国政府 战略决断 国内 支持 基础 将会 更为 坚实 从而 特朗普 美国 更具有 战略定力 执行力 特朗普 个人 偏好 内向化 政策 中国 提供了 战略 机遇 特朗普 现实 利益 推动 能否 实现 美国 自身 利益 作为 政策 制定 重要 依据 战略 制定 内向 特征 高度 彰显 美国 内向 背景 其他 国家 需要 切实 防范 特朗普 政策 内向 带来 负面 冲击 中国 越来越多 国家 视为 对冲 特朗普 内向 风险 另一种 选择 而且 中国 愿意 国际 舞台 发挥 自身 实力 匹配 积极 作用 即使 未来 美国政府 出现 再次 外向 调整 中国 特朗普政府 内向 阶段 积累 国际影响力 继续']",0.8644636764051443
15,952,15_上网_时间_日期_編期羅針盤求提言報告書年頁,"['上网', '时间', '日期', '編期羅針盤求提言報告書年頁', '轮训', '年日', '危機', '再生', '主義', '国際秩序']","['上网 时间', '上网 时间', '上网 时间']",0.9088883762572623
16,818,16_非洲_援助_中国_法国,"['非洲', '援助', '中国', '法国', '国家', '中非关系', '受援国', '西方', '对非援助', '发展']","['然而 美国 战略 并没有 达到 美国政府 预期 效果 经济 方面 虽然 美国 企业 非洲 投资 回报 美国 非洲 国家 提供 援助 没有 非洲 受援国 经济与社会 发展状况 得到 显著 改善 推行 全盘 自由 完全 市场化 华盛顿共识 不适 非洲 美国 一些 左翼 人士 认为 援助 资金 主要 流入 受援国 掌权 手中 腐化 当地 民主制度 甚至 认为 非洲 援助 简直 一种 浪费 政治 方面 美国 希望 巩固 扩大 非洲 民主化 成果 此在 非洲 提供 经济援助 附加 政治 条件 美国 这种 经济援助 政治 挂钩 简单做法 难以 达到 预期 目的 正如 美国 负责 非洲 事务 助理 国务卿 纽瑟姆 所说 基本上 没有 援助 能够 通过 承诺 提供 援助 威胁 撤回 援助 发展中国家 受援国 施加 它们 政治 愿望 援助 试图 有关 非洲 问题 对内 对外政策 方面 施加 影响 受援国 表现出 坚决 抵制 态度 任何 国家 不论是 西方 还是 东方 国家 通过 援助 实现 政治 目的 证实 失败 美国 极力 推动 民主化 浪潮 非洲 部族主义 地方主义 宗教 主义 重新 抬头 地区 部族 基础 政党 纷纷 出现 由于 党派 林立 党派 斗争 引发 部族 冲突 导致 无政府主义 泛滥 社会 混乱 经济 衰退 政局 动荡 一些 国家 甚至 内战 再起 军事 方面 美国 虽然 扩大 非洲 军事存在 不少 非洲 国家 美国 动机 表示 怀疑 担心 新殖民主义 试图 从军 主宰 非洲 结果 成立 多年 美军非洲司令部 硬是 非洲 难以 落地 美国 狼狈不堪 外交 方面 美国 虽然 加强 非洲 国家 高层 互访 非洲 国家 频频 示好 由于 美国 非洲 国家 打交道 不能 平等 对待 非洲 主权 独立 国家 干涉 非洲 国家 内政 自然 遭到 许多 非洲 国家 谴责 反对 越来越多 非洲 国家 开始 美国 奉行 独立自主的外交政策 即使 美国 关系 密切 南非 积极 发展 古巴 伊朗 关系 美国 阻挠 警告 不予 理睬 曼德拉 南非 总统 表示 南非 有权 根据 自己 好恶 选择 朋友 没有 任何 义务 美国人 眼色 行事 事实上 美国 无力 左右 非洲 国家 独立 外交 非洲大陆 难以 成为 美国 坚定不移 伙伴 美国 非洲 影响力 不断 下降 舆论 认为 奥巴马政 府上 美国 非洲 影响力 非但 不如 老牌 宗主国 甚至 新兴 国家 中国 印度 相比 瞠乎其后', '首先 中国 非洲 援助 增加 有利于 提高 非洲 国际 援助 谈判 能力 并进 一步 非洲 国家 扩大 政策 空间 提供了 机遇 也是 中国 非洲 援助 受到 非洲 国家 领导人 非洲 人民 广泛 欢迎 本原 所在 然而 这些 做法 美国 非洲 援助 政策 目标 并不 一致', '近年来 中国 非洲 战略 取得了 良好 效果 经济 中国 非洲 国家 建交 以来 中国 尽其所能 实施 对非援助 援助 项目 主要 涉及 非洲 经济发展 至关 重要 基础设施 领域 中国 援助 非洲 经济发展 起到了 重要 推动 作用 国际舆论 指出 中国 积极 非洲 投资 参与 各项 基础设施建设 不仅 增强 非洲 走出 危机 动力 世界经济 复苏 产生 积极 影响 中国 非洲 投资 受到 欢迎 今年 瑞士 达沃斯 举行 世界经济论坛年会 非洲开发银行 首席 经济学 姆苏利恩库贝 明确 表示 中国 非洲 投资 很大程度 积极 非洲 欢迎 中国 投资 此外 中国 非洲 国家 平等互利 基础 上进 越来越 广泛 深入 经济技术合作 以及 不断 扩大 贸易 双方 获得 经济 巨大 利益 非洲 中国 获得 技术 资金支持 中国 非洲 获得 更多 石油 资源 以及 广阔 商品 市场 中非合作论坛 成功 举行 西方 认为 中国 非洲 伙伴 经济 意外收获 引起 国际社会 广泛 关注 政治 中国 干涉 非洲 国家 内政 尊重 非洲 国家 政治制度 发展道路 支持 非洲 国家 致力 捍卫 民族独立 维护 国家主权 努力 积极参与 联合国 非洲 维和行 动因 赢得 非洲 国家 信任 称赞 中非合作论坛北京峰会 召开 前夕 南非 国际事务 研究所 主任 伊丽莎白西迪罗普洛斯 撰文 指出 中国 非洲 打交道 过程中 奉行 干涉 政策 非洲 国家 而言 中国 更有 吸引力 外交 中国 坚持 和平共处五项原则 平等互信 的基础 积极 发展 非洲 国家 关系 迄今为止 中国 非洲 国家建立了 外交关系 中非合作论坛北京峰会 宣布 建立 新型战略伙伴关系 成为 中非关系 发展 新目标']",0.7608625480964597
17,769,17_中美_美国_中美关系_战略,"['中美', '美国', '中美关系', '战略', '战略竞争', '影响', '竞争', '调整', '博弈', '应对']","['美国', '中美 经济 竞争', '中美 战略 关系']",0.9617442414008112
18,722,18_核武器_威慑_核威慑_打击,"['核武器', '威慑', '核威慑', '打击', '摧毁', '使用', '扩散', '确保', '国家', '数量']","['在此 基础 延伸 威慑 实战 威慑 统一 美国 追求 绝对 自由 战略 美国 可以 利用 核武器 威慑 甚至 胁迫 对手 同时 又要 避免 自己 其他 国家 包括 盟友 核武器 威慑 美国 既要 延伸 威慑 防止 核武器 进一步 扩散 对其 自由 行动 造成 限制 又要 通过 实战 威慑 追求 已有 核武器 国家 绝对优势 从而 避免 对手 威慑 大部分 国家 来说 核武器 主要 为了 自保 对于 美国 来说 核武器 或许 称霸 世界 最大 阻碍 美国 战略 实际 一种 自我 中心 随心所欲 战略 凡是 有利于 美国 霸权 接受 例如 慑止 大国 美国 战争 维持 战略 稳定 不利 美国 自由 行动 拒绝 例如 美国 对手 威慑 以及 核武器 进一步 扩散 威慑 理论 主张 对于 整个 国际体系 结构性 稳定 有利 例如 有限 规模 核武库 接受 对手 核威慑 首先 使用 核武器 以及 扩散 对于 美国 来说 限制 霸权 行动 自由美 由此 自己 整个 国际体系 割裂 开来 美国 核战略 美国 例外 和美 中心 带来 问题 想要 解决 能解决 问题', '首次 核试验 至今 中国 核武器 战略目标 一直 限定 非常 有限 范围 之内 中国 核武器 用于 进行 核反击 从而 遏止 敌方 中国 使用 核武器 鉴于 首先 使用 核武器 带来 巨大 人道主义 后果 中国 也不 认为 核武器 可以 实现 除了 遏止 之外 更多 战略目标 中国 这种 核武器 作用 认知 其他 国是 不同 美国 罗斯 国家 长期 认为 核武器 也应该 常规战争 发挥 战略威慑 防止 战争 升级 进行 后果 管控 作用 核武器 美俄 国家 总体 安全 战略 占有 更重 分量 维护 战略 稳定 防止 核战争 角度 中国 核武器 价值 认知 更具 积极 意义 中国 自己 这些 积极 核武器 价值观 宣传力度 不大 形成对 国际社会 有力 影响 最近两年 不少 无核武器国家 非政府组织 发起 一项 强调 核武器 人道主义 危害 希望 以此 推动 全面 核裁军 运动 这项 运动 核心 理念 包括 核武器 人道主义 危害 批判 要求 降低 核武器 国家安全战略 作用 希望 国际社会 达成 一项 禁止 使用 核武器 公约 中国 长期 以来 核武器 价值观 核裁军 政策 完全 相符 中国 应该 考虑 给予 积极 回应 进一步 宣传 自己 价值观 扩大 国际 影响 推动 国际 价值观 积极 发展 同时 舆论 占据 优势 地位 随着 中国 力量 巩固 中国 可以 自信 态度 积极 外界 公布 和解 相关 目的 战略 目的 政策 考量 中国 发展 包括 海基 核武器 在内 核反击 力量 有着 明确 防御性 目的 如果 加强 政策 宣示 国际 沟通 可以 减少 负面 国际 解读 更高 层面 来看 可以 降低 国际社会 中国 崛起 抵触 减少 中国 挑战 国际安全 秩序 稳定性 担忧', '当然 除了 前述 有利于 中国 政策 维持 不变 积极 因素 之外 也有 一些 消极 因素 推动 中国 政策 调整 第一 核武器 各国 安全 战略 作用 持续 降低 趋势 能否 延续 冷战 时期 规划 战略 非常 严肃 计算 多少 核武器 可以 完全 摧毁 对方 以及 应该 如何 规划 核武器 打击 目标 部署 地点 戒备 状态 美国 提出 各种 战略 具体 内容 涉及 如何 使用 核武器 打击 对手 核武器 国家安全战略 的地位 至关 重要 苏都 使用 核武器 视为 维护 国家安全 必要 选项 之一 冷战 结束 各国 通过 削减 核武库 规模 限制 核武器 部署 地点 开展 军控 谈判 提供 条件 首先 使用 核武器 或者 消极 安全 保证 方式 尝试 降低 核武器 国家安全战略 作用 一些 国家 甚至 尝试 核武器 作用 进一步 降低 唯一 目的 用于 核反击 本来 一种 良性 发展 趋势 然而 近年来 各国 在此 问题 取得 进展 逆转 风险 例如 美国 最近 发布 态势 评估报告 改变 奥巴马政府 政策 显著 提升 核武器 国家安全战略 作用 发展 当量 核武器 从而 降低 使用 核武器 门槛 罗斯 提出 通过 升级 实现 降级 核战略 核武器 作用 再度 得到 重视 如果 核武器 作用 其他 国家安全战略 分量 继续 提升 核武器 使用 风险 增大 中国 大国 关系 走势 的认识 判断 必然 受到 影响']",0.7689526663779004
19,609,19_朝贡_天下_体系_秩序,"['朝贡', '天下', '体系', '秩序', '王朝', '儒家', '古代', '关系', '中国', '匈奴']","['朝贡 体系', '理论 穿透力 通常 在于 广阔 视角 纵深 视野 揭示 复杂 现象 背后 本质 既有 研究 缺憾 说明 古代 东亚 国际 政治 经验 研究 不能 停留 朝贡 体系 这个 单一 命题 突破 束缚 进一步 探究 和解 东亚 区域 秩序 历史上 不同 形态 及其 演变 首先 一再 指摘 朝贡 之外 东亚 经验 长期 未获 重视 儒家 文化 边缘 之外 各种 行为 同样 如此 即便 为了 回答 朝贡 关系 本质 为何 特征 机制 什么的 问题 实际 也需要 考虑 古代 东亚 是否 存在 其他 国际关系 类型 它们 特征 是什么 其次 不应 东亚 传统 或是 朝贡 秩序 本质 而是 要把 作为 一个 动态 历史性 存在 置于 历史进程中 加以 分析 关注 自身 演化 最后 即便 朝贡 体系 内部 也有 诸多 不符 原本 概念 预设 复杂 现象 濮德培 所言 朝贡 体系 不断 经历 挑战 瓦解 重组 重建 从来 不是 稳定 固定 单一 某些 地区 而言 朝鲜 朝贡 关系 相当 稳定 其他地区 特别是 西北 边疆 存在 巨大 波动 总之 需要 凸显 朝贡 霸权 叙事 遮蔽 部分 朝贡 霸权 运作 复杂性 动态性 有待 注意 实际 霸权 秩序 存在 偏差 漏洞 规则 遵守 状况 并不 特殊 美国 主导 体系 无论 我们 美国 帝权 还是 自由 国际秩序 不少 行为 常常 并不 积极 参与者 秩序 核心 稳定的 外围 中间 区域 不乏 差异 恰恰 这些 差异 蕴藏 进一步 理论 探索 空间 进而 需要 探讨 如何 一个更 开放 时空 坐标 定位 东亚 经验 东亚 秩序 多大 程度 体现 大国 周边 小国 等级 关系 一般性 规律 或者 无政府状态 国际体系 一种 独特 模式 如果 特殊 是什么 多大 程度 以及 如何 致使 古代 中国 周边 关系 轨道 偏离 霸主 周边 小国 关系 普遍 特征 回答 这些 问题 我们 必须把 其他 区域 类似 案例 纳入 研究 范围', '朝贡 秩序 缘起 中国 王道 思想 政治实践 费正清 指出 自古 以来 中国 优势 地位 并非 仅仅 因为 物力 超群 在于 文化 先进 中国 道德 文学艺术 生活方式 方面 达到 成就 所有 蛮夷 无法 长久 抵御 诱惑 中国 交往 蛮夷 逐渐 倾慕 认可 中国 优越 成为 中国人 周边 民族 国家 心仪 中华文化 慕华风 利岁 儒家思想 核心 中华 古典 文明 放射状 散播 周边 各族 各国 成为 东亚 文明 核心 儒家思想 相当 时间 成为 东北亚 多数 国家 统治 地位 文化 观念 中国 尊重 其他 民族 存在的 过程中 逐渐 形成了 波及 整个 东亚地区 带有 国际性 文化 东南亚 广大 地区 中国化 朝贡 秩序 缘起 德政 安边 传统 王道 思想 中华 理性 政治 秩序 自然 扩展 背后 隐含 一种 超越 民族 种族 畛域 包容性 天下 概念 实践 朝贡 秩序观 起源于 三代 畿服制 周礼春 指出 尚书 禹贡曰禹 九州 随山浚川 作贡 畿服制 古代 中国 邦国 关系 体制 一种 分封制 要义 都城 畿辅之地 战略要地 天子 直接 统治 其余 分封 各位 诸侯 根据 诸侯 距离 亲疏 关系 诸侯 予以 册封 形成 一种 爵位 不同 地位 不等 尊卑 秩序 背后 支撑 则是 普适性 华夷 观念 华夷 主要 文化 分野 不是 血缘 关系 区别 夏夷狄 不籍其地 与其 惟其 而已 春秋 中国 夷礼 进入 中国 中国 华夷 思想 历代 王朝 继承 落实 实践 就是 朝贡 制度 确立 朝贡 秩序 建构 朝贡 既是 政治 臣服 隶属 标志 也是 经济 一种 特殊 赋税 形式 交换关系 所谓 委积 不计 输假 荣名 烦缛 如此 历史上 国是 一个 外延 严格 限定 实体 概念 没有 主权 疆界 概念 费正清 指出 中国 朝贡 体系 世界 体系 不是 国际体系 国家 体系']",0.8298234504000732
20,531,20_拜登_拜登政府_民主_美国,"['拜登', '拜登政府', '民主', '美国', '竞争', '政策', '特朗普', '中产阶级', '政府', '执政']","['全球 推广 自由 民主 价值观 输出 西方 意识形态 美国 外交 基本原则 尽管 特朗普政府 执政 时期 民主 价值观 意识形态 因素 总体 并未 主导 外交政策 议程 现象 美国大选 发生 明显 改变 拜登 正式 就职 民主 价值观 意识形态 因素 置于 美国 对外政策 重要 位置 酝酿 推出 民主 国家 联盟 构想 引发 国际社会 高度 关注 拜登 美国国务院 发表 就任 首次 外交政策 演讲 宣称 纠正 美国 外交政策 更好地 民主 价值观 外交 领导 结合 起来 捍卫 自由 民主 法治 普遍 权利 拜登政府 公布 临时 国家安全战略 指南 民主 一词 先后 提及 团结 盟友 伙伴 应对 美国 面临 民主 挑战 更是 构想 反复 强调 重点 无论是 拜登 本人 及其 执政 团队 成员 公开 表态 还是 拜登政府 发布 官方文件 释放 一个 重要 信号 修复 传统 盟友 伙伴关系 构建 基于 共同 价值观 意识形态 民主 国家 联盟 已经 成为 新一届 美国政府 外交政策 规划 优先事项 基于 怎样 看待 拜登政府 提出 民主 国家 联盟 构想 构想 推进 实施 思路 发展前景 如何 如何 影响 塑造 当前 国际秩序 本文 上述 问题 进行 分析 探讨', '拜登 团队 坚信 联盟 美国 国家安全 不可 替代 基石 应该 加以 培育 不是 抛弃 拜登政府 执政 安全 经贸 国际秩序 全球治理 等问题 采取 特朗普 做法 弥合 特朗普 时期 大西洋 关系 造成 裂痕 应对全球性挑战 过程中 拜登政府 欧洲 作为 不可或缺 伙伴 此外 拜登 执政 应对 中国 崛起 作为 欧洲 协调行动 重点 问题 之一 正如 拜登 团队 声称 那样 管理 中国 竞争 领域 欧洲 我们 天然 合作伙伴 努力 建立 共同 优先事项 战略 工具 不过 这个 问题 拜登政府 特朗普 行动 可能会 打折扣 拜登 执政 可能会 继续 致力 推动 北约 战略 东移 问题 拜登政府 可能会 继续 欧洲 盟友 迫使 彻底 弃用 在此 基础 推动 中国 科技 脱钩 进程 世界贸易组织 改革 问题 拜登政府 加强 欧盟 及其 成员国 世界贸易组织 框架 协调 合作 促进 世界贸易组织 改革 应对 中国 公平 贸易 行为 民主 人权问题 民主 一向 对此 问题 保持 高度 关注 拜登 执政 进一步 加强 欧洲 盟友 协调 民主 人权问题 中国 施加压力', '拜登 安全 政策 塑造 基于 拜登 政府 对华政策 分析']",0.8040369186136479
21,526,21_数据_网站_资料_来源,"['数据', '网站', '资料', '来源', '数据库', '时间', '商务部', '世界银行', '数据来源', '上网']","['数据 作者 根据 世界银行 数据 东南亚 各国 官方 统计 数据 计算 整理', '数据 作者 根据 世界银行 数据 东南亚 各国 官方 统计 数据 计算 整理', '资料 来源 世界银行 相关 数据 访问 时间']",0.9444272584255436
22,487,22_编号_分类_文献_文章,"['编号', '分类', '文献', '文章', '标志', '标号', '标识', '文章编号', '文献识别码', '标码']","['分类 文献 文章 编号', '分类 文献 文章 编号', '分类 文献 文章 编号']",0.9997448365903853
23,481,23_太空_卫星_导弹_美国,"['太空', '卫星', '导弹', '美国', '能力', '发射', '防御', '系统', '部署', '打击']","['卫星 军事行动 具有 无与伦比 作用 有时 甚至 不可 替代 作用 例如 气象卫星 定位 导航卫星 因为 太空 越来越 拥挤 充满 竞争性 太空 冲突 事故 也许 逐渐 增多 美国 认为 太空战 不可 避免 而且 认为 因为 太空 依赖 程度 远超 任何 其他 国家 太空 统一 遭到袭击 就会 出现 拉姆斯菲尔德 委员 会所 太空 珍珠港 美军 行动 能力 大大 减弱 从而 国家安全 国家利益 带来 巨大 损失 避免 太空 珍珠港 出现 冷战 结束 以来 美国 一直 强调 太空 控制 确保 太空 行动 自由 克林顿 政府 颁布 冷战 首份 国家 太空 政策 明确 谈到 美国 必须 发展 太空 控制 能力 危机 之时 确保 美国 太空 活动 自由 剥夺 对手 这种 能力 年小布什政府 奥巴马政府 颁布 国家 太空 政策 重申 上述 内容 告诫 对手 威慑 失败 情况 美国 剥夺 对手 使用 太空 的能力 太空 控制 成为 美国 太空 战略 基轴 经过 美国 军方 几经 充实 太空 控制 战略 包括 五大 行动 能力 太空 支援 太空 军力 增强 太空 控制 太空 军力 应用 太空 态势 感知 目前 美国 推行 太空武器化 政策 研发 多种多样 太空武器 落实 军方 设想 的能力 而且 美国鹰派 极力 太空武器化 寻找 理由 认为 太空武器化 不可 避免 需要用 太空武器 保护 太空 资产 太空武器 包括 天对天武器 天对地武器 天基武器 地对天武器 空对天武器 武器 太空武器 自然 也包括 太空 武器', '为了 降低 国际 太空 对抗 激烈 程度 太空 冲突 风险 威胁 联合国 太空 强国 发起 太空 规则 倡议 太空 规则 限制 太空 对抗 构建 稳定 平衡 国际 太空 新秩序 这是 国际社会 共识 但在 方式 存在 异在 维护 太空 和平 国际安全 方面 中国 承担起 应有 责任 一个 负责任大国 确保 太空 行动 自由 奉行 美国国家安全 例外论 美国 拒绝 签署 任何 约束 太空武器 协议 条约 遏制 中国 太空 发展 美国 搞起 太空 同盟 监视 中国 太空 活动 一旦 出现 冲突 美国 同盟 共同 应对', '奥巴马 时期 军事 太空 战略 基调 激进 极端 趋向 稳步 务实 着眼 保护 太空 资产 侧重 积极 防御 奥巴马 军事 太空 战略 背景 美国 太空 能力 太空 资产 日益 倚重 以及 国优 相对 丧失 战略 侧重 积极 防御 态势 保护 美国 太空 能力 资产 保护 太空 领域 本身 小布什 时期 咄咄逼人 太空 进攻 态势 形成 鲜明 对照 小布什 时期 军事 太空 战略 排他性 国家 太空 政策 基础 框架 明确 要求 国防 确保 美国 太空 行动 自由 阻止 敌方 拥有 这种 自由 奥巴马 国家 太空 政策 要求 国防 阻止 防范 必要 挫败 旨在 干扰 攻击 美国 盟国 太空 系统 尝试 美国 积极 防御 措施 劝阻 威慑 自卫 击败 逐步 升级 具体 而言 主要 外交 努力 劝阻 无果 美国 军事 太空 力量 通过 提高 追查 攻击 来源 的能力 方式 加强对 敌对 威慑 同时 增强 设施 快速 恢复 能力 降低 攻击 收效 威慑 一旦 失败 行使 自卫 最终 作战 行动 挫败 攻击 这些 逐步 升级 措施 美国 尤其 重视 太空 系统 恢复 能力建设 太空 反击 能力建设 确保 美军 太空 能力 资产 遭受 第一次 攻击 情况 保持 关键 二次 行动 能力 加强 恢复 能力建设 美国 明确 表示 投资 恢复 能力 视为 评价 备选 体系 架构 的关键 标准 通过 采取 性价比 太空 系统 防护 措施 领域 解决 方案 不同 轨道 不同 平台 托管 有效 载荷 运用 国际 商业 伙伴 的能力 发展 太空 响应 能力 方式 保证 美国 太空 系统 恢复 能力 对于 反击 能力 美国 强调 必须 准备好 恶化 环境 作战 击败 那些 针对 美国 太空 系统 及其 支撑性 基础设施 攻击 为此 所有 相关 人员 流程 必须 应战 做好 准备 美国 通过 教育 训练 演习 以及 条令 战术 技术 程序 强军 情报机构 恶化 太空 环境 采取 行动 的能力 值得 指出 美国 太空 攻击 行为 反击 一定 太空 发起 太空 资产 遭受 攻击 情况 美国 全面 动用 军事力量 借助 相关 盟友 实施 反击 由此 针对 潜在 太空 竞争 对手 美国 建立 一套 完整 多层级 威慑 体系 在此 基调 同样 太空 控制 任务 小布什 时期 追求 绝对 制天权 奥巴马 军事 太空 战略 重围 具体 作战 任务 作战 环境 追求 相对 有效 制天权 或称 太空 优势 作战 时间段 作战 区域 实施 太空 控制 并不 追求 永久性 控制 太空 全域 控制']",0.6988778149941595
24,455,24_澳大利亚_中澳_中等_中国,"['澳大利亚', '中澳', '中等', '中国', '强国', '地区', '工党', '美国', '关系', '太平洋']","['澳大利亚 中国 问题 研究 学术 自由主 义学 主要 包括 退休 外交官 经济学 汉学家 知华派 人士 他们 大都 非常 熟悉 国情 友好 态度 他们 主张 澳大利亚 应该 积极 平和 心态 对待 中国 崛起 一部分 学者 基本观点 第一 国是 一个 文明 古国 人口 众多 富有 创造性 改革开放 以后 中国 取得了 巨大 成就 人类社会 做出 重大 贡献 第二 中国 政府 采取 和平 友好 外交政策 积极参与 多边合作 中国 融入 国际 制度 产生 积极 社会化 影响 第三 中澳 两国 经济结构 存在 较大 互补性 中国 经济发展 澳大利亚 创造 繁荣 机会 早在 世纪 年代 澳大利亚 驻华大使 郜若素 澳大利亚 总理 霍克 提出 利用 中国改革开放 机会 搭上 东北亚 经济发展 顺风车 为此 大力 倡导 组建 亚太经济合作组织 中国大陆 中国台湾 中国 香港 纳入 其中 曾经 担任 澳大利亚外交 贸易 高级 官员 何睿斯 认为 中澳 两国 存在 双赢 贸易 关系 中国 经济发展 澳大利亚 产品 提供了 一个 有利可图 出口市场 中国 强劲 有效 工业 澳大利亚 提供了 大量 廉价 商品 双方 各自 优势 获益 中国 作为 一个 新兴 全球 经济体 亚太地区 未来 经济格局 中将 发挥 领导 作用 由于 澳大利亚 中国 经济 巨大 互补性 澳大利亚 繁荣 有赖于 中国经济 持续 增长 澳大利亚 繁荣 安全 取决于 创造 一种 能够 同时 容纳 中国经济 容量 较小 亚太经济体 利益 国际 经济 政治体制 因而 他们 鼓励 建议 澳大利亚政府 继续 推行 建设性 接触 政策 同时 加强 中国 坦诚 对话 针对 近期 两国 经贸合作 出现 一些 风波 澳大利亚国立大学中国研究院 教授 著名 经济学 彼得德 赖斯代尔 指出 澳大利亚 对于 中国 投资 忧虑 无根据 澳大利亚 应该 鼓励 更多 中国 企业 投资 资源 行业 澳大利亚 使用 外资 历史 久远 长远发展 战略 角度 考虑 澳大利亚 以及 其他 发达国家 应该 欢迎 中国 企业 投资 不是 他们 秉持 狐疑 立场 只有 实行 强强联合 才是 硬道理 中国 目前 世界上 重要 外国 直接投资 来源 之一 有望 成为 未来 外国 直接投资 重要 力量 全球 外国 直接投资 同比 大幅 下降 左右 中国 外国 直接投资 数量 一番 中国 发展 速度 包括 澳大利亚 政策 制定 在内 很多人 感到 惊讶 中国 目前 澳大利亚 投资总额 很低 发展潜力 巨大 针对 有关 威胁 问题 大部分 学者 否定 态度 正如 澳大利亚国立大学中国研究院 任格瑞 院长 指出 外部世界 来说 一个 更加 富裕 强大的 中国 并不 必然 一种 挑战 一个 失败 中国 一个 成功 中国 世界 更加 危险 由此可见 自由主 义学 要从中 经济 相互 依赖 关系 特别是 中国 经济发展 澳大利亚 提供 巨大 机会 方面 着眼 希望 分享 中国 经济发展 红利 中国 崛起 做出 积极 正面 评价 根据 统计 中国 超过 日本 成为 澳大利亚 最大 贸易伙伴 货物贸易 服务贸易 双边 贸易总额 达到 亿澳元 澳大利亚 对外贸易总额 的同时 中国 成为 澳大利亚 第二 投资 来源地 当年 合同 投资总额 达到 亿澳元 澳大利亚 发展 中国 不可分', '第二 澳大利亚 一直 力图 维护 区域 领导 地位 长久 以来 澳大利亚 新西兰 太平洋 地区 国际秩序 构建 方面 处于 明显 领导 地位 甚至 学者 认为 澳大利亚 应该 印太地区 出现 新秩序 起到 重要 领导 作用 事实上 澳大利亚 新西兰 不仅 能够 主导 影响 太平洋 岛国 政策 行动 而且 作为 太平洋 岛国 主要 合作机制 太平洋岛国论坛秘书处 及其 相关 机构 运营 预算 提供 大量 资金 澳大利亚 太平洋 地区 利益 较为 明确 保持 地区 安全稳定 澳大利亚 发表 首个 国家战略 报告 明确 指出 太平洋 岛国 地区 安全稳定 经济 繁荣 澳大利亚 具有 持久 重要 维护 太平洋 地区 经济利益 澳大利亚政府 强调 澳大利亚 作为 地区 中心 继续 担任 地区 经济 外交 支持 源泉 必要 也要 提供 军事 支持 近年来 中国 太平洋 岛国 合作 不断深化 此消彼长 澳大利亚 太平洋 岛国 经贸关系 尽管 处于 绝对 领先 地位 逐年 下降 趋势 中国 澳大利亚 地区 经济利益 由此 存在 潜在 冲突 同时 澳大利亚 和美 国是 传统 盟友 有着 一致 安全 利益 随着 中美 太平洋 地区 博弈 态势 加剧 澳大利亚 中美 之间 意识 选择 美国 指责 中国 南太岛国 援助 带来 不可 持续 债务 近年来 随着 澳大利亚政府 更迭 态度 发生 极大 变化 中澳 关系 陷入 低谷 一带一路倡议 提出 尽管 澳大利亚 学者 认为 推进 国家利益 创造性 澳大利亚 外交 提供了 机会 澳大利亚 也可以 利用 一带一路 加强 中国 迅速 增长 经济 联通 长远 太平洋 国会 一带一路倡议 获益 也有 学者 认为 这是 一个 地缘政治 计划 兼具 经济 性质 战略性质 澳大利亚时代报 网站 署名文章 更是 视为 挑战 战争 威胁 微妙 复杂', '澳大利亚 中国经济 高度 依赖 以及 中国 经济 影响力 转化 地缘政治 影响力 可能性 加剧 澳大利亚 中国 崛起 担忧 构成 澳大利亚 第三波 反思 主义 讨论 一部分 澳大利亚 学者 澳大利亚 之所以 发生 政策 转向 是因为 中国 作为 主要 经济 伙伴 仗势欺人 并且 展现 作为 对手 潜质 大体 来看 澳大利亚 关于 中国 讨论 以下 两种 观点 之间 徘徊 彼得詹宁斯 提出 澳大利亚 面临 最大 挑战 过度 依赖 中国 带来 风险 认为 中国 试图 取代 美国 印太地区 主导 地位 澳大利亚 安全 构成 最为 根本 威胁 建议 澳大利亚 公开 批评 中国 越界 行为 的同时 减少 中国 经济 依赖 推动 出口 多元化 相反 彼得德 莱斯 戴尔 认为 中国 澳大利亚 产品 进口 增长 缓解 新冠 疫情 澳大利亚 经济 打击 澳大利亚 应该 尽快 修复 中国 外交 裂痕 全球 贸易 问题 中国 合作 推动经济复苏']",0.7640100938773318
25,423,25_一带一路_共建_互联互通_沿线,"['一带一路', '共建', '互联互通', '沿线', '一带一路倡议', '基础设施', '一带一路建设', '丝绸之路', '合作', '中国']","['近年来 共建 一带一路 进入 高质量发展 阶段 克服 困难 取得了 重大 成果 意大利 秘鲁 瑞士 加入 一带一路 朋友圈 多国 多港 互联互通 架构 基本 形成 中欧 地理标志 协定 正式 生效 比雷埃夫斯港 匈塞铁路 佩列 沙夫 茨跨海大桥 共建 一带一路 标志性 项目 稳步 推进 截至 年底 中国 国家 国际组织 签署 共建 一带一路 合作 文件 一带一路 国家 货物贸易 累计 达到 万亿美元 一带一路 国家 金融类 直接投资 超过 亿美元 正是 高质量 共建 一带一路 外交 实践 持续 保持 世界第一 贸易 地位 成为 引领 世界经济 恢复 主要 力量 得中 信心 有能力 打破 美国 经济 脱钩 经济 制裁 在此 背景 习近平 第七十六届 联合国大会 一般性辩论 讲话 提出 全球 发展 倡议 高质量 共建 一带一路 全球 发展 倡议 实践 平台 信心 使得 各国 进一步 相信 中国 和平发展 对于 世界 和平发展 一个 重要 机遇 第二届 一带一路国际合作高峰论坛 开幕式 习近平 提出 要坚持以人民为中心的发展思想 推动 共建 一带一路 成果 更好地 惠及 当地 人民 一带一路 不是 西方 区域一体化 经验 简单 复制 而是 以人民为中心 发展观 国际 经济 文化 合作 试验 人类命运共同体 全球 发展 倡议 全球治理体系 变革 的理论 内涵 高质量 一带一路建设 实践 不断 得到 丰富 只有 各国 天下 大道 和睦 相处 合作共赢 繁荣 才能 持久 全才 保障 安全 发展合作 概念 及其 关系 随之 上升 的理论 高度', '至此 国内外 学界 开始 关注 一带一路 研究 国外 关于 一带一路 研究 集中 地缘政治 意图 分析 或者 发展前景 例如 学者 认为 一带一路 中国版 马歇尔计划 中国 利用 经济实力 保障 对外政策 目标 手段 中国 推动 一带一路 旨在 解决 国内 过剩产能 同时 希望 加强 主要 发展中国家 联系 重塑 中国 中心 国际体系 中国 基于 经济 地缘政治 意图 推动 一带一路建设 以便 加强 欧亚 国家 区域经济合作 资金融通 提升 中国 欧亚地区 整体 影响 美国彼得森国际 经济 研究所 更多 经济 视角 一带一路 进行 解读 认为 中国 一带一路 有助于 降低 贸易 成本 降低 中国经济 基础设施 投资 依赖 推动 中国 基础设施 走向 海外 基础设施 互联互通 实施 增强 沿线 国家 中国 商品 服务 需求 保障 中国 能源通道 安全 美国 企业 研究所 相关 研究 集中 一带一路建设 国别 投资 产业 项目 特别是 中国 一带一路 基础设施融资 高度 关注', '第一 提出 一带一路 战略 倡议 中国国家主席 习近平 出访 中亚 东南亚 国家 期间 先后 提出 共建 丝绸之路经济带 世纪 海上丝绸之路 重大 倡议 得到 国际社会 高度 关注 国家发展改革委 外交部 商务部 联合 发布 推动 共建 丝绸之路经济带 世纪 海上丝绸之路 愿景 行动 一带一路 步入 全面 实施 阶段 全球化 背景 国家 相互依存 不断 加深 提出 问题 解决 矛盾 方式 都在 生变 要求 世界 各国 追求 本国 利益 兼顾 合理 关切 谋求 本国 发展 促进 各国 共同 进步 亚投行 为例 一方面 加快 亚洲 基础设施建设 提供了 融资 平台 另一方面 筹建 亚投行 抓手 中国 世界 各国 一起 探索 全球 治理模式 更加 积极 发挥 负责任的大国 作用 通过 一带一路 中国 外部世界 共同发展 的同时 完善 国际合作 理念 模式 得到 国际社会 普遍 欢迎 迄今 已有 多个 国家 国际组织 表达 积极 支持 参与 态度 我国 国家 国际组织 签署 共建 一带一路 合作协议 第届 联合国大会 决议 欢迎 一带一路 经济 合作 倡议 呼吁 国际社会 一带一路倡议 建设 提供 安全 保障 环境 事实上 一带一路 不仅 推动 中国 新一轮 改革开放 开启 世界 新一轮 全球化 进程']",0.8251807298350136
26,418,26_气候变化_气候_减排_应对气候变化,"['气候变化', '气候', '减排', '应对气候变化', '发展中国家', '影响', '中国', '排放', '问题', '变暖']","['如果说 无核世界 奥巴马 印记 最强 外交 议题 气候变化 就是 民主 印记 最强 外交 议题 问题 长期 以来 都是 民主 攻击 共和党 议题 奥巴马 上任时 气候变化 美国 成为 政治 正确 奥巴马 上任后 美国 气候 政策 出现 大幅度 调整 气候变化 议题 营造 巨大 动能 问题 置于 美国 外交 核心 位置 美国 国会 通过 清洁能源 气候 安全 法案 奥巴马政府 作出 承诺 美国 的基础 减排 年年 分别 减排 同时 奥巴马 开始 积极 游说 中国 印度 新兴大国 希望 共同 达成 约束力 气候 公约 但是 年底 丹麦 哥本哈根会议 世界 主要 国家 激烈 博弈 最后 达成 约束力 哥本哈根协议 大大 低于 美国 期待 奥巴马政府 气候 外交 由此 一蹶不振 政府 层面 虽然 气候 外交 还在 持续 推进 但是 对于 短期内 达成 一个 强制性 覆盖 主要 排放 国家 协议 预期 已经 消失 美国 政治 媒体 当中 有关 气候变化 讨论 迅速 减少 普通 民众 层次 美国 公众 气候 问题 关注 大幅 下降 根据 皮尤研究中心 调查 气候变化 是非 严重 问题 民众 下降 认为 不太 严重 或者 完全 不是 问题 民众 上升 奥巴马政府 气候变化 努力 哥本哈根会议 之后 失去 动力', '此后 西方 发达国家 中国 面临 气候 安全 风险 表现出 日益 浓厚 研究 兴趣 不少 研究报告 涉及 气候变化 如何 影响 中国 国家安全 研究 视角 涵盖 前述 比较 代表性 研究 包括 德国 题为 气候变化 安全 风险 报告 分析 气候变化 中国 国家安全 影响 认为 国是 气候变化 影响 特别大 国家 气候变化 中国 不同地区 影响 程度 不同 现有 生态 社会问题 可能加剧 经济 活力 受到 影响 最后 影响 中国 政治稳定 具体 而言 上述 问题 内外 两个 面对 中国 政治 架构 中国 政府 合法性 提出 重大 挑战 美国战略与国际问题研究中心 和美 安全 研究中心 推出 报告 后果 降临 年代 全球 气候变化 外交政策 国家安全 含义 分析 气候变化 中国 国家安全 影响 报告 认为 中国 温室气体 快速 增加 主要 由于 中国 煤炭 为主 能源结构 所致 全球 环境 成长期 威胁 中国 温室气体 排放 加剧 已有 环境 问题 无疑 导致 国内 动荡 冲突 其中 一个 冲突 来源 环境 问题 引发 移民 同时 气候变化 加剧 增大 中国 面临 作为 国际 负责 成员 国际 压力 美国 进步 中心 报告 气候变化 移民 中国 非传统安全威胁 重点 讨论 气候变化 移民 中国 非传统安全 三者之间 关系', '气候变化']",0.6783732379617812
27,383,27_国家安全_学科_建设_国家安全教育,"['国家安全', '学科', '建设', '国家安全教育', '一级', '人才', '教育', '培养', '研究', '交叉学科']","['国家安全 人才 培养 而言 教育 关于 强大 中小学 国家安全教育 实施意见 明确 提出 推动 国家安全 学科 建设 设立 国家安全 一级 学科 作为 国家安全 人才 培养 制度 设计 国务院 学位委员会 教育 印发 通知 国家安全 一级 学科 纳入 交叉学科 门类 专业代码 设置为 国家安全 一级 学科 建设 正式 启动 这一切 意味着 国家安全 学科 建设 国家安全 人才 培养 有机 结合 凸显 国家安全教育 国家安全 人才 培养 方面 进入 专业化 学术 阶段', '教育 正式 提出 推动 国家安全 学科 建设 设立 国家安全 一级 学科 广大 理论工作 国家安全 进行 理论 阐述 对于 进一步 推动 国家安全 学科 建设 具有 重要 意义 本文 主要 分析 探讨 国家安全 问题 逻辑 国家安全 学科 特点 学科 方向 学科 建设 路径', '国家安全 问题 促进 国家安全 学科 建设']",0.7408479898053186
28,376,28_伊朗_伊拉克_美国_战争,"['伊朗', '伊拉克', '美国', '战争', '中东', '叙利亚', '阿富汗', '反恐', '奥巴马', '制裁']","['特朗普政府 认为 经受 长年 制裁 伊朗 之所以 现在 有能力 干预 叙利亚 伊拉克 事务 扩大 中东地区 国际影响力 很大程度 是因为 奥巴马政府 错误 签署 伊核协议 从而 极大 缓解 伊朗 困境 早在 竞选 特朗普 多次 声称 废除 协议 沙特 卡塔尔 伊拉克 穿梭 外交 美国 时任 国务卿 蒂勒森 明确 称美 中东 战略目标 已经 转向 全面 遏制 伊朗 特朗普 正式 宣布 美国 退出 伊核协议 恢复 伊朗 制裁 此举 认为 美国 落实 全面 遏制 伊朗 政策 标志 有可能 成为 中东 新一轮 动荡 开端', '当前 防扩散 工作 重点 第二 第四类 国家 具体 朝鲜 伊朗 朝鲜 已经 进行 三次 核试验 现在 问题 如何 伊朗 现在 尚未 制造 核武器 国际社会 高度 怀疑 正在 逼近 门槛 国际原子能机构 伊朗核问题 发表 最新 报告 至少 年底 伊朗 有组织 系统 从事 核爆炸装置 有关 活动 直到 伊朗 方面 仍在 继续 从事 涉及 核武器 研发 方面 活动 包括 试制 相关 构件 进行 有关 测试 试验 暗示 这些 活动 现在 很可能 仍在 进行 这份 报告 刚一 发布 立即 引起 国际社会 强烈 反响 西方 国家 借机 加强对 伊朗 制裁 美英 两国 同时 宣布 伊朗 制裁 措施 美国总统 奥巴马 下令 伊朗 重要 石化 品行 实施 制裁 同时 扩大 伊朗 油气 行业 制裁 美国政府 同时 警告 伊朗 银行业 从事 交易 政府 金融机构 面临 制裁 美国 伊朗 列为 洗钱 主要 关注 之一 英国政府 宣布 停止 所有 英国 信贷 金融机构 伊朗 所有 银行 业务 关系 交易 往来 其中 包括 伊朗 中央银行 及其 支行 下属 子公司 以色列 公开 表示 使用 军事 手段 阻止 伊朗 生产 核武器 以色列 国防 总参谋长 本雅明 本尼甘茨 表示 以色列 做好 军事打击 伊朗 充分 准备 武力 威胁 迫使 伊朗 放弃 计划 有力 手段 因为 外交 孤立 经济 制裁 施压 以及 有效 军事威胁 不能 影响 伊朗核 进程 方向', '中东 始终 一个 火药桶 伊朗核问题 有可能 未来几年 变得 更为 严重 危险 为了 成为 中东 世界 强国 伊朗 发展 核武器 决心 非常 坚定 以色列 显然 无法 接受 一个 拥有 核武器 伊朗 美国 整个 西方 对此 基本 相同 态度 如果 不能 阻止 伊朗 核试验 进展 以色列 将会 袭击 伊朗 摧毁 设施 这场 战争 可能会 伊拉克 战争 阿富汗战争 更为 激烈 因为 伊朗 无论 国家 力量 军事实力 要强 伊拉克 阿富汗 中美两国 伊朗 问题 观点 政策 并非 完全 一致 期望 一个 无核化 伊朗 波斯湾 伊朗 之外 整个 中东 世界 来说 不是 一个 稳定的 地区 这个 地区 现代化 民主化 稳定 还有 很长 同时 即使 中国 石油 进口 多元化战略 取得 成功 和美 页岩气 革命 减少 中东 石油 依赖 情况 中东 能源 对于 中国 全世界 来说 重要 中国 美国 国际社会 必须 地区 稳定 问题 更多 努力']",0.9282077734385235
29,375,29_技术_科技_美国_出口管制,"['技术', '科技', '美国', '出口管制', '企业', '中国', '竞争', '法案', '投资', '限制']","['特朗普政 府上 随着 国家安全战略 调整 美国 科技 战略 发生 重要 变化 发布 国家安全战略 美国政府 指责 中国 窃取 美国 知识产权 要求 限制 中国 敏感 技术 领域 并购 此后 美国 维护 国家安全 名义 加强 中美 科技 贸易投资 人员交流 限制 采取 脱钩 施压 策略 加大 政府 多个 新兴 技术 领域 投入 战略 向上 美国 强调 技术 商业 属性 转向 强调 技术 安全 属性 增强 国家 科技创新 主导 作用 加大 政府 市场 干预 战略 走向 冷战 时期 美国 科技 战略 高度 相似性 维护 美国 科技 领先 地位 等同于 维护 美国 国家安全 科技 发展 进行 安全 拜登政 府上 不仅 延续 战略 走向 采取 更加 全面 刺激 政策 增强 美国 科技 竞争力 美国参议院 通过 美国 创新 竞争 法案 法案 源自 特朗普 执政 时期 提出 无尽 边疆 法案 近期 整合 战略竞争 法案 应对 中国 挑战 法案 多个 涉华 技术 竞争 法案 根据 法案 主要 提议 查尔斯舒默 描述 这是 美国政府 几十年 创新 生产 作出 一次 最大 规模 投资 具体 来看 美国 前后 两届 政府 科技 制度 科技 政策 科技 外交 三个 方面 作出 重大 调整', '芯片 扩展 人工智能 生物技术 前沿 技术 领域 拜登政府 持续 扩大 技术 出口管制 范围 中国 技术 企业 实施 无理 单边 制裁 长臂 管辖 美国 试图 通过 出口管制 技术 优势 转化 永久 技术 霸权 纵观 历史 美国 遏制 中国 技术 崛起 企图 失败 告终 对华 滥用 出口管制 措施 短期内 压缩 中国 技术 企业 国际市场 增加 中国 技术 企业 全球产业链 隔离 风险 长期来看 技术 禁运 促使 中国 加快 实现 相关 技术 国产 替代 产业升级 美国 而言 出口管制 短期内 能够 重塑 产业链 限制 中国 竞争 对手 获取 某些 新兴 技术 只能 短暂 延缓 中国 追赶 美国 步伐 不能 阻止 中国 技术 实力 提升 长期来看 反而 抑制 美国 产品 创新 速度 美国 经济 造成 直接 损失 拜登政府 技术 领域 实施 出口管制 无法 帮助 美国 实现 政策 目标 但在 国内 反华势力 科技 强硬 立场 情况 拜登政府 无法 找到 其他 更优 替代方案', '此外 参议院 外交委员会主席 民主 参议员 鲍伯梅嫩德斯 以及 共和党 参议员 马克鲁比奥 等人 提出 民主 科技 伙伴关系 法案 要求 美国国务院 牵头 成立 技术 伙伴关系 办公室 商务部 财政 国防 情报机构 代表 参与 机构 专门 负责 技术 外交 角度 加大 施压 推动 技术 民主 国家 围绕 出口管制 投资 审查 技术 供应链 调整 技术转移 科技 人员交流 等问题 进行 深度 协调 值得 注意 美国 五眼 联盟 国家 欧洲 国家 作为 构建 科技 施压 阵营 重点 美国 国会 研究 服务处 防务 专家 海迪彼得斯 提出 进一步 扩展 国家 技术 产业 基础 项目 项目 美国 拿大 英国 澳大利亚 四国 从事 两用 技术 研发 机构 个人 提供 交流合作 平台 美国 促进 其他 技术 民主 国家 更多 参与 国家 技术 产业 基础 相关 活动 拜登政府 继续 推动 欧洲 盟友 中国 科技 企业 加大 限制 通过 设立 美欧 贸易 技术 理事会 展开 更加 深入 政策协调 美国国务院 新闻发言人 爱德华普赖斯 问及 如何 看待 德国 尚未 决定 华为 排除 建设 之外 中国 技术 安全 挑战 明确 技术 具有 变革性 涉及 关键 基础设施 美国 及其 伙伴 盟友 非常 关切 安装 中国 网络 设备 安全 美国 包括 德国 在内 紧密 盟友 伙伴 必须 共同 应对 出口 技术 专制 行为']",0.8428169549920358
30,351,30_石油_天然_能源_管道,"['石油', '天然', '能源', '管道', '原油', '进口', '油气', '罗斯', '亿立方米', '出口']","['韩国 作为 世界 上第 十大 能源 消费 国家 以上 能源 依赖 进口 不仅是 世界上 仅次于 日本 第二 煤炭液化 天然 进口 而且 世界 第五大 石油 进口 自身 能源 竞争力 相对 弱势 不断 加强 能源 竞争 压力 经济发展 政治 社会稳定 世界能源市场 价格 波动 极为 敏感 韩国 每天 需要 进口 万桶 石油 其中 来自 中东地区 近年来 韩国 对于 发展 罗斯 能源 关系 十分 积极 主动 不同 层面 提议 罗斯 开展 能源 政治 业务 对话 在此 推动 韩国 罗斯 进口 石油 迅速 增加 达到 万桶 多万吨 增加倍 韩国 国家 石油公司 准备 罗斯 石油管道运输公司 谈判 建设 太平洋 石油 管道 朝鲜 韩国 石油 支线', '独联体 地区 石油 天然 储量 十分 丰富 其中 罗斯 最为 突出 截至 年底 罗斯 石油 剩余探明储量 亿吨 全球 剩余 探明储量 世界排名 第七位 天然 剩余探明储量 亿立方米 全球 剩余 已探明储量 罗斯 进口 石油 方便 快捷 节省 运输 成本 随着 中国 最终 落实 石油 管道 计划 中国 石油 进口 来自 罗斯 直接 改善 中国 石油 安全 状况 中国东北地区 石油 加工 能力 很强 目前的 油田储量 只能 满足 炼油厂 来自 罗斯 原油 直接 缓解 东北地区 用油 燃眉之急 中亚 里海地区 石油 天然 资源 十分 丰富 中亚五国 哈萨克斯坦 乌兹别克斯坦 吉尔吉斯斯坦 土库曼斯坦 塔吉克斯坦 称为 世纪 战略 能源 资源基地 其中 哈萨克斯坦 石油 远景储量 世界 第五位 土库曼斯坦 天然 远景储量 世界 第三 中哈 石油 管道 投入 运营 当年 输油 万吨 输油 万吨 输油 突破 万吨 达到 万吨 成为 管道 运营 以来 输油 最高 年份 中哈 原油 管道 输油 稳步 提高 有利于 中国 获得 长期 陆路 能源 供应 提升 能源 供给 安全 系数 中国 中亚 天然 管道 开始 供气 土库曼斯坦 乌兹别克斯坦 哈萨克斯坦 进入 中国 如果 满量 输送 每年 高达 亿立方米 几乎 等同于 中国 天然 消费 总量 独联体国家 成为 中国 非常 重要 油气 来源地 这里 进口 油气 降低 运输 成本 可以 实现 油气 来源 多元化 可以 突破 石油 运输 安全 马六甲 瓶颈 成为 影响 中国 经济可持续发展 重要 因素 之一', '经济 方面 欧盟 能源 供应 安全 得到 加强 欧盟 能源 消费 大户 自身 能源资源 匮乏 石油 产量 满足 需求 严重 依赖 进口 石油 欧盟 石油 进口量 石油 需求 主要 来自 罗斯 阿拉伯世界 预计 欧盟 石油 对外 依赖 升至 近年来 罗斯 能源 外交 形势 欧盟 能源 供应 安全 系数 下降 为此 欧盟 启动 南下 战略 表面 为了 促进 地中海 沿岸 国家 经济发展 市场 整合 实质 为了 地中海 变为 欧盟 内海 非洲大陆 变为 欧盟 后院 从而 保证 来自 阿拉伯世界 石油 通道 畅通 保证 非洲 能源 进一步 开发 促进 欧盟 石油 进口 多样化 减少 罗斯 里海 石油 依赖 提高 能源 供应 安全']",0.7815272020249584
31,327,31_感谢_匿名_专家_评审,"['感谢', '匿名', '专家', '评审', '意见', '修改', '作者', '本文', '自负', '建议']","['作者 感谢 国际安全 研究 编辑部 匿名 评审 专家 提出 意见 建议 文责 自负', '感谢 美国 研究 匿名 评审 专家 本文 提出 意见 建议 文中 错漏 文责 作者 承担', '感谢 国际安全 研究 杂志 匿名 评审 专家 本文 提出 修改 意见 建议 文责 自负']",0.991046737810092
32,317,32_档案馆_档案_中国外交部_关于,"['档案馆', '档案', '中国外交部', '关于', '解密', '沈志华', '下册', '使馆', '外交部', '毛泽东']","['毛泽东 关于 停战 援助 朝鲜 粮食 等问题 斯大林 沈志华 朝鲜战争 俄国 档案馆 解密 文件 下册', '波兰 使馆 夫人 工作 总结 中国外交部 档案馆 档案', '使馆 工作 方针 任务 中国外交部 档案馆 档案']",0.7299665729093506
33,306,33_芯片_华为_半导体_技术,"['芯片', '华为', '半导体', '技术', '企业', '美国', '产业', '纳米', '生产', '制程']","['世界 处于 百年未有之大变局 当今 半导体 芯片 技术 发展 根本 影响 重塑 全球 经济 美国 不断 强化 芯片 领域 强势 地位 阻止 中国 芯片 获得 制造 高端 芯片 中国 发动 芯片 彻底 封杀 中国制造 高端 芯片 及其 生产 设备 的能力 美国 打压 中国 主要目标 中美 芯片 之争 历史 逻辑 冷战思维 全新 表现 强化', '年美国政府 中兴 公司 违反 商务部 方面 合同 为由 封杀 美国 企业 中兴 出售 芯片 美国 商务部 禁止 芯片 代工厂 利用 美国 设备 华为 生产 芯片 而且 强调 不仅是 美国 企业 所有 使用 美国 技术 软件 设备 芯片 企业 不得 华为 提供 芯片 合作 同时 禁止 华为 使用 美国 软件 技术 设计 芯片', '美国 中国 发动 芯片 密切 相关 一个 事实 美国 自身 芯片 优势 不足 产生 危机 就是 芯片 制造 产能 不足 成为 美国 芯片 产业链 最大 短板 急于 弥补 弱项 美国 半导体 芯片 需求 芯片 制造 能力 没有 提高 而且 美国 现有 芯片 制造 技术 已经 落后 不能 用于 制作 英特尔 台积电 公司 目前 最新 研发 先进 芯片 脆弱 半导体 供应链 导致 美国 几乎 每个 相关 行业 面临 芯片 供应链 中断 风险 美国 一直 依赖 台积电 三星 亚洲 芯片 生产 提供 高端 芯片 全球 芯片 制造 能力 位于 东亚地区 主要 中国台湾 韩国 美国 发生 贸易 争端 军事 冲突 面临 供应链 中断 重大 风险 美国 显然 不能 接受 先进 半导体 主要 制造 能力 远离 美国 尤其 位于 中国 拥有 主权 台湾岛 中国大陆 投资 一个 时期 华为公司 提供 高端 芯片 台积电 深感 忧虑 美国 终于 诱压 台积电 同意 亚利桑那州凤凰城 建设 两座 工厂 分别 投产 纳米 纳米 芯片 与此 同时 美国 利用 财政 补贴 投资 减税 措施 鼓励 韩国 芯片 相关 企业 进一步 投资 美国 建厂 美国 成为 纳米 以下 芯片 制造 代工 企业 以及 相关 支持 生态系统 首选 地点 从而 形成 支撑 美国 通信 人工智能 量子 计算 当代 下一代 尖端 科技 军事 科技 发展战略 的基础 美国 通过 克服 芯片 制造 短板 可望 进一步 扩大 领先 中国 芯片 代差 显然 美国 争夺 台积电 正是 芯片 竞争 一场 重大 战役']",0.602310665472858
34,233,34_毛泽东选集_人民_第卷_北京,"['毛泽东选集', '人民', '第卷', '北京', '中共', '毛泽东', '第四卷', '第一卷', '毛泽东文集', '周恩来年谱']","['毛泽东选集 第卷 人民', '毛泽东选集 第卷 北京 人民', '毛泽东选集 第卷 北京 人民']",0.8968161663460175
35,194,35_缅甸_中缅_吴努_周恩来,"['缅甸', '中缅', '吴努', '周恩来', '毒品', '两国', '鸦片', '中国', '代表团', '关系']","['缅甸 恐惧 主要 源于 以下 几个 因素 第一 地缘政治 因素 缅甸 两位 副总理 吴觉 吴巴瑞 毛泽东 会谈 明确 说明 恐惧 原因 之一 是因为 缅甸 小国 国是 大国 缅甸 上议院议长 苏瑞泰 缅甸 小国 必须 邻国 保持 友好 关系 地理位置 来看 缅甸 北部 东北部 中国 相连 西面 印度 接壤 中国 多公里 边界 缅甸 人口 中国 人口 面积 中国 地缘 因素 内部 动荡 不定 政治 态势 两个 大国 之间 内乱 丛生 缅甸 对外关系 小心谨慎 对此 周恩来 总理 访问 缅甸 公开 表示 理解 缅甸 这种 感受 一个 新兴 国是 容易 引起 其他 国家 疑惧', '中国 密切 接触 过程中 吴努政府 看到 不同 社会制度 国家 完全 可以 和平共处 从而 更加 坚定 走向 中立 外交 决心 这一切 成为 缅甸 改善 其他 社会主义国家 关系 的基础 前提 朝鲜战争 期间 缅甸 开始 尝试 联合国 讨论 朝鲜问题 推行 中立 外交 两大 阵营 之间 维持 相对 平衡 总的来说 以前 缅甸 外交政策 保持 一定 英美 倾向 年底 随着 中缅 关系 转暖 吴努 表示 苏联 派出 贸易 代表团 主要 目的 销售 大米 年初 苏联 接待 缅甸 贸易 代表团 签订 贸易 协定 吴努 苏联 进行 为期 两周 访问 在此 期间 盛赞 苏联 同意 工业设备 技术援助 交换 缅甸 大米 做法 认为 此举 加强 两国 经济关系 请求 莫斯 帮助 缅甸 建设 大型 体育场馆 国际会议大厦 此外 吴努 提议 苏联 互派 文化 代表团 两国 签署 联合公报 缅甸 苏联 诸多 外交政策 目标 表示 支持 包括 条件 禁止 核武器 支持 中国 收复 台湾 推动 中国 恢复 联合国席位 以及 实施 普遍 裁军 军备 控制 反过来 苏联 缅甸 结盟 外交 表示 赞许 称赞 缅甸 世界和平 做出 努力 表示 愿意 加强 缅甸 之间 联系 月初 苏联 领导人 赫鲁晓夫 布尔加宁 回访 缅甸 两国 签署 贸易 协定 缅甸 大米 换取 苏联 工农业 援助 四个月 高扬 访问 仰光 协定 有效 延长 五年 按照 协定 规定 缅甸 每年 苏联 运送 万长吨 大米 几乎 与此 同时 缅甸 东欧 各国 之间 建立 经贸关系 从中 可以 看出 中缅 关系 改善 缅甸 推行 中立 外交 重要 标志 之一 也是 吴努 政府 加强 社会主义国家 关系 起点', '另一个 国家 缅甸 缅甸 军人 接管 政权 以来 美国 一直 缅甸 实行 制裁 近年来 美国 缅甸 之间 没有 互派 大使 而是 低级 官员 维持 两国关系 尽管如此 美国 并没有 放弃 缅甸 缅甸 地理位置 十分重要 拥有 人口 不是 一个 小国 缅甸 中国 关系 一直 十分 密切 而且 还在 继续 发展 美国 缅甸 不少 工夫 近年来 美国 不断 派遣 官员 缅甸 进行 访问 包括 负责 东亚 事务 助理 国务卿 贝尔 四次 访问 缅甸 政府 施加压力 希望 缅甸 发生 民主化 变革 缅甸 举行 大选 军政府 让位 文官 政府 缅甸 开始 实行 一些 变革 包括 修订 选举法 释放 一些 不同 政见者 解除 昂山素季 软禁 允许 参加 选举 开放 禁报 美国 显然 认为 这是 推广 美国式 价值观 成功 希拉里克林顿 访问 缅甸 发出 信息 明确 首先 美国 肯定 缅甸 最近 发生 变化 肯定 缅甸 社会 开始 民主化 转型 访问 本身 就是 一种 奖励 其次 按照 西方 标准 缅甸 主体 远远没有 达标 访问 要求 缅甸 继续 民主化 道路 走下去 最后 鼓励 缅甸 外交 多元化 改变 过去 过分 依赖 中国 做法 希拉里克林顿 缅甸 总统 吴登盛 会晤 洋洋 洒洒 列出 五项 条件 美国 什么 作为 回报 希拉里克林顿 仅仅 表示 同意 缅甸 作为 湄公河 下游 行动计划 观察 同意 国际货币基金组织 世界银行 评估 那里 调查 当地 需要 尤其 农村 脱贫 方面 关于 制裁 她说 我们 刚刚 处在 讨论 初级阶段 以后 国会 根据 缅甸 政府 行动 采取 匹配 措施 可见 美国 还是 两手 一手 大棒 一手 胡萝卜 希拉里克林顿 访问 之后 美国 开始 解除 缅甸 制裁 两国关系 怎样 发展 还有 多变']",0.6684138313625184
36,193,36_登录时间_破获_警方_登录,"['登录时间', '破获', '警方', '登录', '案件', '恐怖袭击', '暴力', '', '', '']","['登录时间', '登录时间', '登录时间']",0.8480874809682013
37,191,37_伊斯兰_东突_宗教_中东,"['伊斯兰', '东突', '宗教', '中东', '埃及', '组织', '伊斯兰主义', '伊斯兰教', '恐怖', '世维会']","['随着 冷战 结束 全球化 进一步 发展 伊斯兰 宗教 复兴 运动 出现 发展 新伊斯兰主义 伊斯兰 世界 兴起 有所 不同 冷战 伊斯兰 宗教 复兴 运动 受到 特定 时代背景 深刻 影响 现在 其一 两极 格局 结束 打破 世界 力量 相对 平衡 世界 多极化 方向 发展 伊斯兰 世界 而言 意味着 伊斯兰 世界 各国 反对 苏两霸 控制 主要 战略目标 不复 存在 矛盾 及其 一些 冲突 回归 地区性 内部 争端 伊斯兰主义 复兴 发展 减少 阻力 其二 冷战 对抗 掩盖 伊斯兰 世界 关于 原教旨主义 世俗 主义 政权 之间 矛盾 得以 释放 意识形态 的真 伊斯兰 原教旨主义 传播 提供了 极佳 机遇 其三 海湾战争 和美 中东 推行 霸权主义 及其 文化 挑衅 极大 激发 世界 范围 穆斯林 伊斯兰 信仰 认同 正是 这样的 背景 冷战 伊斯兰 宗教 复兴 运动 无论是 穆斯林 信仰 影响 深度 方面 还是 广度 方面 都是 前所未有', '冷战 伊斯兰 宗教 复兴 运动 发展 及其 恐怖主义 经历了 早期 伊斯兰主义 殖民主义 新伊斯兰主义 原教旨主义 之后 伊斯兰 世界 普遍 出现 一场 含有 宗教 意义 政治 运动 要求 传统 伊斯兰 制度 取代 现行 世俗 主要特征 政治制度 主张 宗教 政治 融为一体 政治 形成 神权 政体 宗教 意识形态 强调 按照 伊斯兰教 原则 制定 国家 内外 政策 这场 运动 伊朗 伊斯兰 革命 胜利 主要 标志 称为 伊斯兰 宗教 复兴 运动 伊斯兰 原教旨主义 思潮 主要 意识形态 推动', '第二伊斯兰主义 实质 伊斯兰 单纯 指代 伊斯兰 宗教 信仰 不同 伊斯兰主义 一个 具有 宗教 意义 政治 词汇 一般 认为 伊斯兰主义 主要 伊斯兰教 国家 兴起 一种 宗教 政治 思潮 主张 所有 信奉 伊斯兰教 穆斯林 共同 信仰 的基础 联合 成为 一个 单一 国家 广泛 共同体 但是 这里 伊斯兰主义 上述 一般 意义 伊斯兰主义 有所 不同 伊斯兰主义 当代 伊斯兰 复兴 运动 变体 伊斯兰主义 极端化 表现 又称作 伊斯兰 原教旨主义 所谓 原教旨主义 一种 强调 回归 经籍 原文 字意 信仰 反对 现代化 理性化 思维 坚持 根据 信仰 回答 问题 利用 传统 依据 维护 传统 具有 自我 封闭 价值取向 因为 它们 担心 自主 开放 使得 群体 成员 获得 认知 情感 能力 这样 群体 成员 选择 放弃 自己 原有 生活方式 导致 整个 群体 走向 解体 所以 东突 这种 信奉 伊斯兰 原教旨主义 群体 而言 往往 具有 突出 政治 特点 极力 鼓吹 伊斯兰 圣战 思想 实施 恐怖主义 建立 一个 宗教 精神 领袖 统治 政教合一 形式 政权 最终 目标 意味着 东突 政治化 组织 恐怖主义 伊斯兰 运动 势力 本质 极端 政治 势力 宗教 信仰 极端 蜕变 结果 从事 国家 分裂 活动 破坏 国家 稳定的 国家安全 威胁 来源']",0.8061592133914496
38,190,38_阿富汗_塔利班_阿塔_临时政府,"['阿富汗', '塔利班', '阿塔', '临时政府', '上合组织', '阿富汗问题', '巴基斯坦', '政权', '基地组织', '北约']","['第五 阶段 阿富汗 塔利班 政权 阿富汗 临时政府 迄今 时隔年 阿富汗 塔利班 再度 建立 全国 政权 沿用 第一次 执政 国号 由于 阿富汗 塔利班 建立 政权 目前 仍未 获得 任何 国际 承认 国际社会 延续 过去 做法 阿塔 政权 此次 阿富汗 塔利班 诸多 政策 年前 比较 宽容 国际社会 积极 沟通 谋求 国际 承认 意愿 较为 强烈 也有 一些 国家 较为 中性 阿富汗 临时政府 称呼 政权', '事件 标志 上合组织 阿富汗 政策 进入 另一个 阶段 事件 阿富汗 形势 根本 改观 上合组织 面临 完全 不同 局面 这个 时期 需要 回答 主要 三个 问题 阿富汗战争 立场 阿富汗 政府 关系 关于 阿富汗 重建 原则 三个 问题 第一个 最快 得到 确定 第二个 第三个 问题 很快 有了 回答 上合组织 外长 发表 联合声明 比较 全面 详细 阐述 阿富汗问题 看法 主张 政策 要点 包括 明确 塔利班 支持 恐怖主义 组织 赞成 推翻 塔利班 政权 支持 阿富汗 临时政府 准备 阿富汗 权力 机构 展开 对话 主张 阿富汗 中立 国家 反对 阿富汗 纳入 某一 势力范围 阿富汗 人民 自己 选择 政治 模式 发展道路 反对 外部 自己 政治 模式 强加 阿富汗 国际安全 援助 部队 联合国 授权 行事 得到 阿富汗 合法 政权 同意 阿富汗 提供 人道主义援助 联合国 主导 开展 阿富汗 重建 国际合作 等等 概括 时期 上合组织 阿富汗 政策 基本 要点 支持 打击 塔利班 阿富汗 政府 合作 提供 援助 主张 阿富汗 国家 独立自主 反对 阿富汗 纳入 任何 国家 势力范围', '阿富汗']",0.6064057463034108
39,183,39_宗教_信仰_公共外交_佛教,"['宗教', '信仰', '公共外交', '佛教', '中国', '组织', '道教', '交流', '基督教', '信众']","['随着 近年来 中国 宗教 不断 发展 宗教 以及 宗教 团体 中国 公共外交 民间 交流 中正 日益 发挥 更为 积极 主动 作用 中国 宗教 公共外交 近期 主要任务 就是要 弥合 国外 中国 宗教 以及 宗教 政策 媒体 报道 公众 印象 中国 实际 宗教 国情 之间 差距', '中国 宗教 宗教 团体 开展 对外 交流 固本强基 加强 自身 基础设施 能力建设 经典 研究 学术 发展 思想建设 社会服务 领域 形成 甚至 有人 全面 系统 理论实践 制度 模式 实现 宗教 体制 自我 救赎 完善 否则 自顾不暇 疲于 应付 即使 走出国门 势必 捉襟见肘 顾此失彼 宗教 作为 软硬兼施 力量 影响 依赖 一定 物质 条件 基础设施 支持 宗教 软实力 无从谈起 当今世界 国是 宗教 最具有 扩张 有能力 世界各地 投射 宗教 影响力 国家 美国 世界 输出 民主 的同时 通过 教牧 明星 慈善事业 宗教 尤其 基督教 传媒 宗教 基于 信仰 非政府组织 以及 传教团体 宗教 出口 要害 部门 美国 宗教 以及 美国 宗教 观念 模式 输送 世界各地 中国 宗教 宗教 团体 对外 交流 领域 有所作为 必须 宗教 传媒 慈善事业 宗教 院校 宗教 团体 宗教 场所 宗教 基础设施 硬件 加大 投入 力度 从而 加强 信仰 中国 周边 影响力 以及 远程 投射 宗教 开展 对外 交流 参考 借鉴 台湾地区 宗教 尤其 佛教 动人 世化 管理 企业 信徒 志工化 庙宇 据点 国际化 特色 经验', '其次 宗教 全球 领域 扩展 整合 宗教 影响 外交 重要 依托 全球 宗教 发展 迁移 趋势 来看 各类 宗教 中心 边缘 不断 发生 位移 相互 交错 在此 情势 各国 国家 外交 行为 客体 往往 各类 宗教 信仰 人群 宗教 组织 由此 宗教 信仰 宗教 组织 宗教 相关 事务 当今 国家 处理 外交 事务 的地位 不断 上升 态势']",0.6030126151211636
40,183,40_分裂主义_分裂_民族_研究,"['分裂主义', '分裂', '民族', '研究', '国家', '反分裂斗争', '认同', '权利', '群体', '文化']","['李捷 以下 简称 作为 带有 某种 普遍性 分裂 国家 系统 思想 行动 分裂主义 分离主义 确实 一种 独特 国际 现象 建立 独立 国家 口号 加入 民族国家 体系 目标 却是 造成 体系 内部矛盾 动荡 重要 因素 总体 分裂主义 特征 主要表现 某一 地域 领土 人口 历史 文化 认同 统一 形成 前提 集中 某一 地域 民族宗教 政治 文化 群体 常常 成为 分裂主义 主体 目的 脱离 主权 国家 谋取 政治 身份 包括 建立 独立 国家 并入 其他 国家 意欲 分裂 出去 部分 组建 国家 分裂主义 手段 一般 包括 单边 公投 抗议 示威 暴力 恐怖 甚至 武装 对抗 分裂主义 性质 针对 所在 主权 国家 提出 单方面 脱离 行为 并不 所在 同意 严格 意义 国家 内部 通过 和谈 方式 实现 协议 分离 不属于 分裂主义 范畴 此外 联合国 法律 框架 殖民 也不 分裂主义 而是 殖民地人民 依法 行使 自决权 过程 由于 分裂主义 野心 及其 国家 核心利益 威胁 双方 目标 背离 常常 导致 严重 暴力 冲突 正如 亚伯拉罕林肯 所言 分裂主义 迫使 国家 解体 流血 之间 做出 选择 第二次世界大战结束以来 世界上 一半 左右 内战 涉及 分裂主义 因素 进入 世纪 分裂主义 仍然是 国家 主权与领土完整 最为 严峻 挑战 之一 随着 国际 政治 相关国家 内部 政局 迁世界 分裂主义 加速 发展 的同时 呈现 多样化 特征 除了 传统 分裂主义 分裂势力 意识形态 行为 方式 上进 一步 多元化 民族主义 经济 政治 因素 依然在 起作用 宗教 极端主义 作为 一种 动力 正在 造成 越来越大 影响', '虽然 世界上 许多 国家 面临 分裂主义 挑战 国际 学术界 研究 成果 颇为 丰富 但是 目前 分裂主义 概念 缺乏 一个 统一 界定 国外 学术界 研究 分裂主义 一般 涉及 两个 词语 一个 分裂 另一个 分离主义 学术 领域 使用率 较高 分裂 国内 一些 学者 常用 分离主义 一词 相关 研究 重点 关注 民族 分离主义 因为 一个 民族 主体 提出 分离 诉求 分裂主义 普通 形式 就是 一般 所说 民族 分裂主义 这是 存在 普遍 影响 最大 分裂主义 本文 打算 严格 区分 分裂主义 分离主义 两个 概念 差别 特指 情况 民族 分裂主义', '分裂主义 其他 概念 关联 分裂主义 内战 现实 表明 分裂主义 并不 否认 现存 国家 政治 权威 而是 希望 权威 限制 群体 及其 占据 区域 之外 也就是说 分裂主义 目标 在于 限制 国家 权力 管辖范围 不是 试图 全盘 否定 现存 国家 权力 实质 表明 分裂主义 内战 夺取 政权 运动 区别 当然 也是 分裂势力 实力 不足 颠覆 夺取 现有 政权 表现 分裂主义 民族主义 北京 大学 国际关系 学院 王联 教授 研究 民族主义 分裂主义 关系 认为 民族主义 分裂主义 两个 概念 不同 前者 核心 政治 民族 后者 核心 文化 民族 两者 关联 主要表 现在 民族主义 的基础 政治 民族 政治 民族 源于 多种 文化 民族 支撑 分裂主义 的基础 来自 族群 民族主义 推动 力量 文化 民族 所以 文化 民族 民族主义 分裂主义 连接 桥梁 分裂主义 恐怖主义 极端主义 郝时远 认为 民族 分裂主义 采取 极端性 方式 恐怖主义 手段 具有 普遍性 目的 造成 社会 恐慌 政治 压力 舆论 关注 国际 干预 由此 获得 谈判 身价 从而 造成 官方 让步 承认 合法 地位 但是 分裂主义 极端主义 恐怖主义 不同 很多 情况 极端主义 恐怖主义 分裂主义 手段 当然 情况 极端主义 分裂主义 思想 根源 手段 分裂主义 为例 极端主义 恐怖主义 仅仅 手段 实现 分裂 才是 最终 目标']",0.615013014508921
41,177,41_国务院新闻办公室_中华人民共和国_白皮书_国防,"['国务院新闻办公室', '中华人民共和国', '白皮书', '国防', '和平发展', '新时代', '中国', '网站', '中国的', '中国的和平发展道路']","['中华人民共和国 国务院新闻办公室 中国 亚太 安全 合作 政策 白皮书 国务院新闻办公室 网站', '中华人民共和国 国务院新闻办公室 中国 国防 白皮书 中国 政府', '中华人民共和国 国务院新闻办公室 中国 国防 白皮书 中国 政府']",0.9474921731201463
42,175,42_网络_网络空间_互联网_网络安全,"['网络', '网络空间', '互联网', '网络安全', '信息', '美国', '网络攻击', '基础设施', '国家', '技术']","['根据 美国 国防 军事 相关 术语 词典 定义 网络空间 作战 网络空间 通过 网络空间 运用 网络 能力 达成 军事 目的 包括 运行 保护 全球 信息 网格 计算机 网络 作战 行动 早在 克林顿政府 时期 隶属 军方 情报机构 开始 筹划 网络攻击 能力 小布什政府 时期 美军 网络空间 列为 陆海空太空 同等重要 战略 空间 先发制人 军事战略 指导下 开发 网络 作战 武器 加强 网络 进攻 能力 奥巴马政府 进一步 网络空间 纳入 作战 领域 在此 基础 强军 事力量 组织 训练 装备 确保 国防 充分 运用 网络空间 潜力 以及 采取 有效 军事行动 的能力 迄今 美军 军种 建立 各自 网络空间 作战 力量 网络 司令部 统一 负责 协调 美军 网络 司令部 行政 隶属于 战略司令部 表明 美军 网络空间 视作 全球 作战 行动 领域 美国 仍没有 网络空间 作战 对象 界定 作战 方式 选择 方面 取得 实质性突破 迄今 见到 主要 进展 美国空军 正式 六类 网络 工具 列为 武器 是否 电力 水电 基础设施 网络攻击 视作 战争 行为 存在 争议', '中美 网络 战略 博弈 日趋 激烈 网络 已经 成为 输出 软实力 塑造 良好 国家形象 建立 公众 互信 协调 外交 资源 促进 国家利益 达到 国家战略目标 主要 手段 美国 日本 印度 相继 推出 涉及 网络 国家战略 建立 国家 网络空间 管理机制 理念创新 规则制定 方面 圈地 插旗 抢占 先机 美国 尽管 近年 国力 衰落 疑虑 但在 网络空间 仍然 保持 全球 战略 主动 态势 传统 防御性 战略 的基础 美国 开始 试探 网络空间 先发制人 行动 战略 力图 占据 网络 威慑 高位 奥巴马政府 一方面 网络 关键 基础设施 升级 国家战略 资产 另一方面 成立 网络 司令部 全面提升 网络 攻防 能力 美国 网络 司令部 司令 基思 亚历山大 首次 勾画 提升 美军 网络 能力 五大 战略 支柱 同年 出台 首份 网络空间 国际 战略 内容 目标 美国 自身 网络空间 范围 扩展 全球 网络空间 表明 美国 全面 展开 网络空间 竞争 掌控', '无独有偶 美国 国会 提出 信息时代 珍珠港 担忧 由于 美国 信息基础设施 高度 依赖 对手 通过 网络 发起 不对 打击 瘫痪 美国 此后 美国 国内 开始 广泛 讨论 关于 网络 威胁 主张 美国 应当 积极 发展 网络 攻防 力量 美国 正式 网络 列为 陆海空天 之后 第五大 作战 领域 成立 网络 司令部 网络 司令部 战略 司令部 独立 出来 升级 美军 第十个 战区 联合作战司令部 美国 网络空间 国际 战略 网络空间 行动 战略 美国 国防 网络 战略 网络安全 战略 文件 不仅 强调 构建 网络 威慑 重要 意义 而且 实现 网络 攻防 现实 世界 军事行动 融通 构建 网络 霸权 在此 基础 美国 一方面 利用 震网 病毒 断网 网络攻击 实现 物理 世界 战略 目的 另一方面 企图 通过 包括 使用 核武器 在内 传统 军事 手段 以及 经济 法律 手段 确保 网络空间 免遭 大规模 攻击 近年来 特朗普政府 更是 提出 持续 接触 网络安全 战略 旨在 网络 推进 对手 阵地 除了 持续 监视 渗透 之外 美国 进攻性 网络 战略 主动 抑制 发射 配合 从而 破坏 对手 导弹发射 或是 核武器 指挥控制 系统 由于 网络空间 缺乏 统一 规则 体系 难以 网络攻击 是否 构成 武装冲突 或是 战争 行为 作出 明确 法律 界定 加上 网络空间 与国 政治 经济 军事 多个 层面 复合 交织 一些 介于 和平 战争 之间 灰色 动容 引发 过度 反应 从而 导致 冲突 全面 升级']",0.7821274459117412
43,173,43_拉美_拉美国家_墨西哥_中拉,"['拉美', '拉美国家', '墨西哥', '中拉', '巴西', '加勒比', '中拉关系', '智利', '中国', '阿根廷']","['其二 双方 形成 利益 相互 融合 相互依存 关系 中国 拉美 相互 成为 重要 贸易投资 金融 伙伴 贸易 互为 出口 市场 双方 成为 各自 重要 贸易伙伴 投资 方面 拉美 成为 中国 企业 走出去 重要 地区 拉美 当年 中国 对外直接投资 流量 投资 存量 中国 成为 拉美 重要 投资 来源 拉美经委会 数据 中国 拉美 投资 亿美元 地区 流入 中国 成为 拉美 第三大 投资 来源 仅次于 美国 荷兰 中国 拉美 贷款额 年年年 超过 世界银行 拉美 开发银行 美洲 开发银行 国际 多边 机构 尤其 国际金融危机 美欧 发达国家 减少 拉美国家 投资 贷款 中国 拉美 投资 贷款 增加 显得 尤为 重要 极大 减缓 国际金融危机 拉美 冲击 随着 双方 经贸合作 扩大 发展利益 日益 融合 经济 关联 日益 增长 中国 经济增长 有利于 拉美 正如 李克强 总理 会见 中国 拉共体论坛首届部长级会议 拉方 代表团 所说 中国 经济保持中高速增长 努力 高端 水平 迈进 包括 拉美 加勒比 在内 世界 各国 提供 更多 市场 机遇 投资 机遇 增长 机遇 与此 同时 拉美国家 繁荣 稳定 有利于 中国 扩大 拉美 出口 保证 中国 拉美 投资 贷款 安全', '近年来 中国 拉美 各国 联系 不断 加强 高层 互访 增多 合作 领域 单纯 经济 领域 政治 军事 科技 文化 领域 扩展 而言 中拉关系 升温 主要表 现在 以下 几个 方面 经贸关系 突飞猛进 中国 拉美 之间 经贸 活动 之后 急剧 增长 中国 拉美 进口额 亿美元 上年 增长 拉美 出口额 亿美元 增长 超过 中国 智利 签署 自由贸易协定 这是 中国 东盟 自贸协定 之后 中国 对外 签署 第二个 自由贸易协定 也是 中国 拉美国家 签署 第一个 自由贸易协定 拉美 成为 中国 对外投资 主要 目的 中国 拉美地区 投资 亿多美元 中国 海外投资 目的 第二位 政治 层面 中国 拉美 一些 国家 高层 互访 频繁 双方 政治互信 得到 巩固 加强 同时 高层 互访 推动 中国 拉美国家 经贸合作 取得 实质性进展 中国 巴西 阿根廷 智利 国家 签署 多项 政府 企业 协议 涉及 经贸 金融 能源 矿业 交通 航空 电信 司法 协助 农业 植物检疫 文化 卫生 旅游 众多 具体 领域 中国 拉美 合作 更深 更广 领域 发展 中国 智利 秘鲁 分别 建立 全面合作伙伴关系 中国 阿根廷 建立 战略伙伴关系 巴西 阿根廷 秘鲁 委内瑞拉 拉美国家 安提瓜 巴布达多米尼克 特立尼达 多巴哥 加勒比 国家 相继 承认 中国 市场经济地位 拉美 加勒比 一些 国家 列为 中国 公民 旅游 目的 委内瑞拉 巴西 合作 已经 覆盖 航空 通信 领域 外交关系 方面 中国 成为 美洲 国家 组织 永久 观察 推进 中国 拉美国家 关系 发展 提供了 平台 中国 哥斯达黎加 建立 大使级外交关系 不仅 标志着 两国关系 从此 进入 发展 阶段 而且 打开 中国 中美洲 国家 外交 一个 突破', '新时代 中国特色大国外交 中国 全球 战略视野 全球 利益 重新 审视 拉美 拉美 不再 遥远 外围 边缘 而是 中国 构建 全球伙伴关系 重要 一环 增加 中国 走人 拉美 了解 拉美 兴趣 与此 同时 拉美 作为 世界上 重要 发展 地区 中国 许多 共同 利益 相同 身份认同 成为 中国 构建 全球伙伴关系 践行 中国特色大国外交 不可或缺 一个 地区 为此 中国 加强 战略 顶层设计 战略 谋划 年年末 习近平 主席 访问 拉美 足迹 遍及 多个 拉美国家 会见 几乎 所有 中国 建交 拉美国家 领导人 此外 李克强 总理 访问 巴西 哥伦比亚 秘鲁 智利 中国 领导人 拉美国家 访问 地理 政治经济版图 基本 实现 全覆盖 通过 高层访问 中拉 领导人 双边 多边 层面 互动 中国 提出 拉美 战略目标 完成 拉美 战略布局 制订 具体 行动计划 中国 战略 建构 完成 习近平 主席 巴西 拉美国家 领导人 会晤 提出 中国 拉美 战略目标 宣布 拉美国家 努力 构建 携手共进 命运共同体 推动 中拉 建立 全面战略伙伴关系 中国 拉共体 首届 部长 论坛 北京 召开 中拉关系 进入 双边 整体 双轮 驱动 合作 新时代 中国 发布 第二份 中国政府 拉美 政策 文件 中国 拉共体 论坛 第二届 部长级会议 发表 中拉 共建 一带一路 声明 拉美 成为 世纪 海上丝绸之路 自然 延伸 共建 一带一路 不可或缺 重要 参与方 一带一路 由此 成为 一项 全球 合作计划']",0.7872758984550972
44,173,44_疫情_新冠_新冠肺炎疫情_病毒,"['疫情', '新冠', '新冠肺炎疫情', '病毒', '抗疫', '全球', '暴发', '确诊', '病例', '疫苗']","['新冠 疫情 中美关系', '新冠 疫情 美国 中美关系', '目前 新冠 疫情 依然在 全世界 肆虐 欧美 各国 遭遇 第一波 疫情 打击 普遍 陷入 第二波 疫情 投入 使用 新冠疫苗 效用 安全 如何 是否 迅速 有效 遏止 疫情 继续 肆虐 还有 观察 南亚 南美 中东 成为 新冠 疫情 重灾区 非洲 未能 幸免于难 全世界 每两天 新增 以上 确诊 病例 每天 新冠肺炎 死者 超过 万例 人类 能否 以及 何时 彻底 战胜 新冠 病毒 疫情 究竟 人类 造成 多大 生命 财富 损失 未知数 尽管如此 新冠 疫情 肆虐 全球 全球 战疫 如何 影响 人类 政治 发展观 国际观 安全 以及 世界 政治 国际关系 国际格局 产生 何种 影响 已经 渐露 端倪 本文 器物 社会性 后果 重视 新冠 疫情 世界 政治 影响 略述 一管之见']",0.8449347326065031
45,170,45_维和_维和行动_联合国_和平,"['维和', '维和行动', '联合国', '和平', '人员', '联合国维和行动', '任务', '中国', '联合国维和', '行动']","['其次 积极 参加 各类 联合国维和行动 通常 所说 联合国维和行动 大体 分为 维和部队 军事 观察 民事 机构 三类 维和部队 主要 建制 武装部队 组成 军事 观察 通常 武装 军官 组成 携带 武器 民事 机构 文职人员 主要 民事 警察 组成 以来 中国 参加 联合国 各个 层次 维和行动 派出 各类 维和 人员 装备 轻武器 用于 自卫 维和部队 主要 工兵 医疗 运输 后勤 分队 中国 正式 组建 第一支 蓝盔部队 军事工程 大队 柬埔寨 执行 任务 建制 派出 维和部队 中国 国防 维和 办公室 官员 赵京民 少将 任命 联合国 西撒哈拉 全民 投票 特派团 部队 指挥官 首位 联合国 任命 维和部队 高级 指挥官 中国军人 截至 月底 中国 参与 联合国维和行动 派出 超过 万人次 维和 军事人员 中国 维和 军事 人员 数量 联合国安理会 常任理事国 居首 任何 武器 军事 观察 中国 首次 军事 观察 参加 联合国 停战 监督 组织 据统计 中国 派出 军事 观察 人次 参加 联合国 停战 监督 组织 联合国 伊拉克 科威特 观察 联合国 西撒哈拉 公民 投票特派团 联合国 柬埔寨先遣团 联合国 柬埔寨 临时 权力 机构 联合国 莫桑比克 行动 联合国 利比里亚 观察 联合国 阿富汗特派团 联合国 塞拉利昂 观察 联合国 埃塞俄比亚 厄里特立亚特派团 联合国 刚果金特派团 维和行动 维和 民事警察 所谓 维和 民事 警察 联合国秘书长 请求 成员国 自愿 提供 任务 联合国 服务 警官 中国 政府 正式 宣布 派遣 维和 警察 参与 联合国维和行动 联合国 请求 中国 联合国 东帝汶 过渡 行政 当局 派遣 民事警察 这是 中国 首次 派遣 民事警察 执行 联合国维和 任务 中国 警察 廉长刚 来自 国家 余名 民警 组成 东帝汶 维和 警察 通过 竞聘 巡警 升任 警察 总部 行政 总长 常务副总监 代理总监 由于 国民 事警察 东帝汶 出色 表现 联合国 希望 参与 欧洲地区 联合国维和行动 中国 波黑 任务 派出 两批 维和 民警 中国 首次 非洲地区 联合国 利比里亚 任务 派出 维和 民警 中国 阿富汗 出名 维和 警察 中国 联合国 科索沃 临时 行政 当局 特派团 出名 维和 民警 截至 中国共 东帝汶 波黑 科索沃利比里亚 阿富汗 海地 苏丹 任务 派遣 维和 警察 人次 包括 支维 警察 防暴', '第六 高度 警惕 化解 中国 维和 威胁 创造 良好 维和 环境 首先 维和行动 十分 有利于 中国 形象 外交 实践 维和行动 最大 功能 提升 中国 参与 全球治理 的能力 我们 大力宣传 一方面 争取 国民 理解 支持 另一方面 消除 国际社会 必要 猜忌 误解 其次 我们 必须 清楚 虽然 安理会常任理事国 派遣 维和 人员 最多 国家 之一 中国 参与 各项 维和行动 并不 承担 主导 角色 表明 中国 参与 维和 范围 深度 不够 其次 综合国力 维和 事务 熟悉 维和 区域 影响力 而言 不是 所有 维和行动 适合 中国 参与 所以 中国 政府 维和 实践 一定 循序渐进 量力而行', '各项 维和行动 中国 承担 主要职责 集中 提供人道主义救援 帮助 组织 监督 选举 公民 投票 协助 维持 社会治安 承担 这些 协调 服务性 事务 最大 优点 在于 不易 中国 维和 人员 卷入 已经 发生 潜在 发生 武装冲突 客观 中国 真正 参与 维和 时间 较短 维和 经验 经费 支持 人员 培训 十分 有限 承担 服务性 事务 转变 维和 主体 事务 发挥 重要 作用 需要 中国政府和人民 心态 逐渐 适应 也是 中国 维和 能力 逐渐 增强 过程 由此 上述 职责 决定 目前的 中国 维和 人员 成见 中国 派驻 联合国 维和 人员 主要 分为 三大类 军事 观察 进驻 任务 维和 警察 以及 维和部队 参与 类别 而言 三类 维和 人员 派遣 军事 观察 参与率 最高 正在进行 维和行动 中国 军事 观察 参与 派遣 部队 参与 维和 问题 中国政府 慎重 参与 主要 工程 医疗 运输 后勤 保障 分队 组成']",0.6690386630054409
